,coef,abs coef,% total,cum % total,coef OR
DeconRNASeq_CBSX_melanoma_B.cells,-2.0125121424262953,2.0125121424262953,0.33762010707724716,0.33762010707724716,0.13365249847256575
DeconRNASeq_CBSX_melanoma_Endothelial.cells,-1.4771018533414304,1.4771018533414304,0.24779939229976494,0.5854194993770121,0.22829837270736122
DeconRNASeq_CBSX_melanoma_NK.cells,0.9450180142920994,0.9450180142920994,0.15853672454893575,0.7439562239259478,2.5728597264175055
DeconRNASeq_CBSX_melanoma_CAF,0.5939303972810387,0.5939303972810387,0.0996380792439368,0.8435943031698847,1.8110927588612087
DeconRNASeq_CBSX_melanoma_T.cells.CD4,0.4918982054452549,0.4918982054452549,0.08252110449048627,0.926115407660371,1.6354176341218585
DeconRNASeq_CBSX_melanoma_Malignant,0.25004438062149015,0.25004438062149015,0.04194757824303819,0.9680629859034092,1.2840824037982956
DeconRNASeq_CBSX_melanoma_Macrophages,0.18701774510803965,0.18701774510803965,0.031374196357691835,0.999437182261101,1.205648679226174
DeconRNASeq_CBSX_melanoma_T.cells.CD8,0.0033548876674218114,0.0033548876674218114,0.0005628177388989693,1.0,1.003360521601696
