,coef,abs coef,% total,cum % total,coef OR
CIBERSORTx_CBSX_NSCLC_NK_cells,-0.5689725428800192,0.5689725428800192,0.5254362706690423,0.5254362706690423,0.5661067904439108
CIBERSORTx_CBSX_NSCLC_T_cells_CD4,-0.3994168284751607,0.3994168284751607,0.36885451050790063,0.8942907811769429,0.6707110716054232
CIBERSORTx_CBSX_NSCLC_Monocytes,0.11446800762922439,0.11446800762922439,0.10570921882305703,1.0,1.1212767681880267
CIBERSORTx_CBSX_NSCLC_T_cells_CD8,0.0,0.0,0.0,1.0,1.0
CIBERSORTx_CBSX_NSCLC_NKT_cells,0.0,0.0,0.0,1.0,1.0
CIBERSORTx_CBSX_NSCLC_B_cells,0.0,0.0,0.0,1.0,1.0
