,coef,abs coef,% total,cum % total,coef OR
EpiDISH_CBSX_NSCLC_T.cells.CD4,-0.33870558088564745,0.33870558088564745,0.5376333670289728,0.5376333670289728,0.712692248423796
EpiDISH_CBSX_NSCLC_B.cells,-0.13211261416011263,0.13211261416011263,0.20970469217594961,0.7473380592049224,0.8762423122308876
EpiDISH_CBSX_NSCLC_T.cells.CD8,0.09584439523189547,0.09584439523189547,0.1521355059596041,0.8994735651645265,1.1005877939606497
EpiDISH_CBSX_NSCLC_NK.cells,0.06333101067270139,0.06333101067270139,0.10052643483547355,1.0,1.065379432834708
EpiDISH_CBSX_NSCLC_Monocytes,0.0,0.0,0.0,1.0,1.0
EpiDISH_CBSX_NSCLC_NKT.cells,0.0,0.0,0.0,1.0,1.0
