,coef,abs coef,% total,cum % total,coef OR
DeconRNASeq_CBSX_NSCLC_T.cells.CD8,-0.2636055075253527,0.2636055075253527,0.9541013408457396,0.9541013408457396,0.7682765592043648
DeconRNASeq_CBSX_NSCLC_NKT.cells,-0.012681188908472732,0.012681188908472732,0.04589865915426027,0.9999999999999999,0.9873988785600025
DeconRNASeq_CBSX_NSCLC_Monocytes,0.0,0.0,0.0,0.9999999999999999,1.0
DeconRNASeq_CBSX_NSCLC_T.cells.CD4,0.0,0.0,0.0,0.9999999999999999,1.0
DeconRNASeq_CBSX_NSCLC_B.cells,0.0,0.0,0.0,0.9999999999999999,1.0
DeconRNASeq_CBSX_NSCLC_NK.cells,0.0,0.0,0.0,0.9999999999999999,1.0
