,coef,abs coef,% total,cum % total,coef OR
CIBERSORTx_CBSX_NSCLC_T_cells_CD4,-0.5001983662275155,0.5001983662275155,0.30779171989926857,0.30779171989926857,0.6064103564462409
CIBERSORTx_CBSX_NSCLC_NK_cells,-0.3810415384270092,0.3810415384270092,0.23446983913611363,0.5422615590353822,0.6831495120743808
CIBERSORTx_CBSX_NSCLC_NKT_cells,-0.2162371895213392,0.2162371895213392,0.1330592440173706,0.6753208030527528,0.8055442125659887
CIBERSORTx_CBSX_NSCLC_Monocytes,0.21296890660532222,0.21296890660532222,0.13104814104751264,0.8063689441002654,1.2373461773524164
CIBERSORTx_CBSX_NSCLC_T_cells_CD8,-0.18390915481172718,0.18390915481172718,0.1131665332928641,0.9195354773931295,0.8320113846244251
CIBERSORTx_CBSX_NSCLC_B_cells,0.13076447527700125,0.13076447527700125,0.08046452260687048,1.0,1.1396993223316738
