,coef,abs coef,% total,cum % total,coef OR
DeconRNASeq_CBSX_melanoma_B.cells,-1.5990686320601228,1.5990686320601228,0.3129242643183842,0.3129242643183842,0.2020846455330682
DeconRNASeq_CBSX_melanoma_Endothelial.cells,-1.3487240505184432,1.3487240505184432,0.26393393805321463,0.5768582023715989,0.2595712492395181
DeconRNASeq_CBSX_melanoma_NK.cells,0.8333209981715172,0.8333209981715172,0.16307390131087202,0.7399321036824709,2.300947508157929
DeconRNASeq_CBSX_melanoma_CAF,0.5257620731044668,0.5257620731044668,0.10288720986338373,0.8428193135458546,1.6917475925979324
DeconRNASeq_CBSX_melanoma_T.cells.CD4,0.4445364055991163,0.4445364055991163,0.08699203079584399,0.9298113443416985,1.5597669289794303
DeconRNASeq_CBSX_melanoma_Malignant,0.18080738185464001,0.18080738185464001,0.035382481912176675,0.9651938262538752,1.1981843650142157
DeconRNASeq_CBSX_melanoma_Macrophages,0.16909255932977077,0.16909255932977077,0.03308998980350944,0.9982838160573846,1.1842297453628672
DeconRNASeq_CBSX_melanoma_T.cells.CD8,-0.008769840572954785,0.008769840572954785,0.0017161839426152981,0.9999999999999999,0.991268502310025
