,coef,abs coef,% total,cum % total,coef OR
EpiDISH_CBSX_melanoma_B.cells,-1.8113470801723905,1.8113470801723905,0.6293333221514806,0.6293333221514806,0.16343382997867922
EpiDISH_CBSX_melanoma_CAF,0.30044419260532906,0.30044419260532906,0.10438614659948875,0.7337194687509694,1.35045853806463
EpiDISH_CBSX_melanoma_NK.cells,0.2080370582413401,0.2080370582413401,0.07228026833001172,0.805999737080981,1.2312587969890771
EpiDISH_CBSX_melanoma_T.cells.CD4,-0.17290811671808537,0.17290811671808537,0.06007509036357199,0.866074827444553,0.8412149048799936
EpiDISH_CBSX_melanoma_Macrophages,0.16539452008671793,0.16539452008671793,0.05746457094347575,0.9235393983880288,1.1798585047828996
EpiDISH_CBSX_melanoma_T.cells.CD8,-0.09488264128134896,0.09488264128134896,0.03296596687942078,0.9565053652674496,0.9094796635732696
EpiDISH_CBSX_melanoma_Malignant,0.0863499681693465,0.0863499681693465,0.03000138014991444,0.986506745417364,1.0901877925770709
EpiDISH_CBSX_melanoma_Endothelial.cells,0.03883628346060711,0.03883628346060711,0.013493254582636014,1.0,1.0396002699585902
