,coef,abs coef,% total,cum % total,coef OR
EpiDISH_CBSX_melanoma_B.cells,-2.0235468195474864,2.0235468195474864,0.28026360948674706,0.28026360948674706,0.1321857934960418
EpiDISH_CBSX_melanoma_T.cells.CD4,1.6553178002005686,1.6553178002005686,0.22926345812725904,0.5095270676140061,5.234743260317526
EpiDISH_CBSX_melanoma_Endothelial.cells,-1.2799506215738603,1.2799506215738603,0.17727466332966527,0.6868017309436714,0.2780510298364635
EpiDISH_CBSX_melanoma_CAF,0.9221357688651435,0.9221357688651435,0.12771688627237962,0.814518617216051,2.514655381376196
EpiDISH_CBSX_melanoma_T.cells.CD8,0.6825397267538761,0.6825397267538761,0.09453255323290055,0.9090511704489516,1.9788972136734695
EpiDISH_CBSX_melanoma_Macrophages,-0.48947596553116285,0.48947596553116285,0.06779299571010249,0.976844166159054,0.6129475156635014
EpiDISH_CBSX_melanoma_NK.cells,0.13267880628232814,0.13267880628232814,0.01837617039144844,0.9952203365505025,1.1418831737214534
EpiDISH_CBSX_melanoma_Malignant,0.034509912968902774,0.034509912968902774,0.00477966344949758,1.0,1.0351122893611913
