,coef,abs coef,% total,cum % total,coef OR
CIBERSORTx_CBSX_NSCLC_T_cells_CD4,-2.755525288832166,2.755525288832166,0.65822365865876,0.65822365865876,0.0635756153353445
CIBERSORTx_CBSX_NSCLC_NKT_cells,0.5087812212380729,0.5087812212380729,0.12153466283088572,0.7797583214896457,1.6632628097325555
CIBERSORTx_CBSX_NSCLC_NK_cells,-0.46660439978618545,0.46660439978618545,0.11145971202597967,0.8912180335156255,0.6271281333698688
CIBERSORTx_CBSX_NSCLC_Monocytes,0.286305459420547,0.286305459420547,0.06839096260794575,0.9596089961235712,1.3314991120877864
CIBERSORTx_CBSX_NSCLC_B_cells,-0.14197532197575333,0.14197532197575333,0.03391422907598935,0.9935232251995606,0.8676426679285135
CIBERSORTx_CBSX_NSCLC_T_cells_CD8,0.02711375763832056,0.02711375763832056,0.0064767748004396115,1.0000000000000002,1.0274846803461513
