,coef,abs coef,% total,cum % total,coef OR
CIBERSORTx_CBSX_NSCLC_T_cells_CD4,-0.525286669371063,0.525286669371063,0.30512064718839194,0.30512064718839194,0.5913858078670519
CIBERSORTx_CBSX_NSCLC_Monocytes,0.3929726821761714,0.3929726821761714,0.22826408150908414,0.5333847286974761,1.4813779207554474
CIBERSORTx_CBSX_NSCLC_T_cells_CD8,-0.34459333897539074,0.34459333897539074,0.20016221376961568,0.7335469424670917,0.7085084176506583
CIBERSORTx_CBSX_NSCLC_NK_cells,-0.24078203212328683,0.24078203212328683,0.13986185783232943,0.8734088002994211,0.7860129332881046
CIBERSORTx_CBSX_NSCLC_NKT_cells,-0.1556826450536548,0.1556826450536548,0.09043060139265863,0.9638394016920797,0.8558307493999951
CIBERSORTx_CBSX_NSCLC_B_cells,0.06225301507014822,0.06225301507014822,0.03616059830792028,1.0,1.064231577293832
