,coef,abs coef,% total,cum % total,coef OR
CIBERSORTx_CBSX_melanoma_CAF,0.1337198703722625,0.1337198703722625,0.6116629397008104,0.6116629397008104,1.1430725662980417
CIBERSORTx_CBSX_melanoma_B_cells,-0.08489705357881157,0.08489705357881157,0.38833706029918946,0.9999999999999999,0.9186068468213019
CIBERSORTx_CBSX_melanoma_Malignant,0.0,0.0,0.0,0.9999999999999999,1.0
CIBERSORTx_CBSX_melanoma_Endothelial_cells,0.0,0.0,0.0,0.9999999999999999,1.0
CIBERSORTx_CBSX_melanoma_T_cells_CD8,0.0,0.0,0.0,0.9999999999999999,1.0
CIBERSORTx_CBSX_melanoma_NK_cells,0.0,0.0,0.0,0.9999999999999999,1.0
CIBERSORTx_CBSX_melanoma_Macrophages,0.0,0.0,0.0,0.9999999999999999,1.0
CIBERSORTx_CBSX_melanoma_T_cells_CD4,0.0,0.0,0.0,0.9999999999999999,1.0
