,coef,abs coef,% total,cum % total,coef OR
EpiDISH_CBSX_NSCLC_Monocytes,0.24850403362913634,0.24850403362913634,0.5069496044069742,0.5069496044069742,1.282105993898973
EpiDISH_CBSX_NSCLC_T.cells.CD4,-0.19182901817642925,0.19182901817642925,0.39133225911113373,0.898281863518108,0.8254479930295842
EpiDISH_CBSX_NSCLC_T.cells.CD8,0.04986169628943387,0.04986169628943387,0.1017181364818921,1.0,1.0511257117364337
EpiDISH_CBSX_NSCLC_NKT.cells,0.0,0.0,0.0,1.0,1.0
EpiDISH_CBSX_NSCLC_B.cells,0.0,0.0,0.0,1.0,1.0
EpiDISH_CBSX_NSCLC_NK.cells,0.0,0.0,0.0,1.0,1.0
