,coef,abs coef,% total,cum % total,coef OR
CIBERSORTx_CBSX_melanoma_CAF,0.25577034586015857,0.25577034586015857,0.4952993575346017,0.4952993575346017,1.2914561056396545
CIBERSORTx_CBSX_melanoma_T_cells_CD4,-0.1314362642369906,0.1314362642369906,0.2545263682323944,0.749825725766996,0.8768351591147735
CIBERSORTx_CBSX_melanoma_B_cells,-0.1291888625989575,0.1291888625989575,0.250174274233004,1.0,0.8788079759131443
CIBERSORTx_CBSX_melanoma_Malignant,0.0,0.0,0.0,1.0,1.0
CIBERSORTx_CBSX_melanoma_Endothelial_cells,0.0,0.0,0.0,1.0,1.0
CIBERSORTx_CBSX_melanoma_T_cells_CD8,0.0,0.0,0.0,1.0,1.0
CIBERSORTx_CBSX_melanoma_NK_cells,0.0,0.0,0.0,1.0,1.0
CIBERSORTx_CBSX_melanoma_Macrophages,0.0,0.0,0.0,1.0,1.0
