,coef,abs coef,% total,cum % total,coef OR
CIBERSORTx_CBSX_NSCLC_NK_cells,-0.40468383506212513,0.40468383506212513,0.5471312875575024,0.5471312875575024,0.6671877188795473
CIBERSORTx_CBSX_NSCLC_T_cells_CD4,-0.27021613679945894,0.27021613679945894,0.365331377328689,0.9124626648861913,0.7632145177655709
CIBERSORTx_CBSX_NSCLC_Monocytes,0.06474669844438653,0.06474669844438653,0.08753733511380872,1.0,1.0668887455756957
CIBERSORTx_CBSX_NSCLC_T_cells_CD8,0.0,0.0,0.0,1.0,1.0
CIBERSORTx_CBSX_NSCLC_NKT_cells,0.0,0.0,0.0,1.0,1.0
CIBERSORTx_CBSX_NSCLC_B_cells,0.0,0.0,0.0,1.0,1.0
