,coef,abs coef,% total,cum % total,coef OR
DeconRNASeq_CBSX_NSCLC_T.cells.CD8,-0.2635854729021914,0.2635854729021914,0.9541961410999981,0.9541961410999981,0.7682919514899009
DeconRNASeq_CBSX_NSCLC_NKT.cells,-0.012652777860728095,0.012652777860728095,0.045803858900001854,0.9999999999999999,0.9874269319951962
DeconRNASeq_CBSX_NSCLC_Monocytes,0.0,0.0,0.0,0.9999999999999999,1.0
DeconRNASeq_CBSX_NSCLC_T.cells.CD4,0.0,0.0,0.0,0.9999999999999999,1.0
DeconRNASeq_CBSX_NSCLC_B.cells,0.0,0.0,0.0,0.9999999999999999,1.0
DeconRNASeq_CBSX_NSCLC_NK.cells,0.0,0.0,0.0,0.9999999999999999,1.0
