,coef,abs coef,% total,cum % total,coef OR
EpiDISH_CBSX_melanoma_T.cells.CD8,-0.24550859875020487,0.24550859875020487,0.6407447759313666,0.6407447759313666,0.7823065569069224
EpiDISH_CBSX_melanoma_B.cells,-0.10268907278076246,0.10268907278076246,0.26800481638712675,0.9087495923184934,0.9024075129241945
EpiDISH_CBSX_melanoma_NK.cells,0.03496362446764813,0.03496362446764813,0.09125040768150672,1.0,1.0355820382665486
EpiDISH_CBSX_melanoma_Malignant,0.0,0.0,0.0,1.0,1.0
EpiDISH_CBSX_melanoma_Endothelial.cells,0.0,0.0,0.0,1.0,1.0
EpiDISH_CBSX_melanoma_CAF,0.0,0.0,0.0,1.0,1.0
EpiDISH_CBSX_melanoma_Macrophages,0.0,0.0,0.0,1.0,1.0
EpiDISH_CBSX_melanoma_T.cells.CD4,0.0,0.0,0.0,1.0,1.0
