,coef,abs coef,% total,cum % total,coef OR
CIBERSORTx_CBSX_melanoma_T_cells_CD8,-0.24582833877062088,0.24582833877062088,0.4611331083635159,0.4611331083635159,0.782056462177223
CIBERSORTx_CBSX_melanoma_B_cells,-0.13817774968834598,0.13817774968834598,0.2591984941163254,0.7203316024798413,0.8709438679851672
CIBERSORTx_CBSX_melanoma_NK_cells,0.10817558227663296,0.10817558227663296,0.20291941422914017,0.9232510167089815,1.11424336959945
CIBERSORTx_CBSX_melanoma_Macrophages,0.02424319965405533,0.02424319965405533,0.04547621347912676,0.9687272301881082,1.0245394552354148
CIBERSORTx_CBSX_melanoma_T_cells_CD4,-0.016671396853060044,0.016671396853060044,0.031272769811891525,0.9999999999999998,0.9834668018293308
CIBERSORTx_CBSX_melanoma_Malignant,0.0,0.0,0.0,0.9999999999999998,1.0
CIBERSORTx_CBSX_melanoma_Endothelial_cells,0.0,0.0,0.0,0.9999999999999998,1.0
CIBERSORTx_CBSX_melanoma_CAF,0.0,0.0,0.0,0.9999999999999998,1.0
