,coef,abs coef,% total,cum % total,coef OR
EpiDISH_CBSX_NSCLC_T.cells.CD4,-1.7120139363943436,1.7120139363943436,0.6080122257817135,0.6080122257817135,0.18050190695915516
EpiDISH_CBSX_NSCLC_NKT.cells,-0.44377925743213825,0.44377925743213825,0.15760573458609956,0.765617960367813,0.6416070351810909
EpiDISH_CBSX_NSCLC_Monocytes,0.32549364837353933,0.32549364837353933,0.11559725853763204,0.8812152189054451,1.3847140391221469
EpiDISH_CBSX_NSCLC_NK.cells,-0.14552344105839396,0.14552344105839396,0.05168184056239348,0.9328970594678385,0.8645696234093905
EpiDISH_CBSX_NSCLC_T.cells.CD8,0.11149893540503668,0.11149893540503668,0.039598226653858586,0.9724952861216971,1.1179525538382393
EpiDISH_CBSX_NSCLC_B.cells,-0.0774465569596925,0.0774465569596925,0.02750471387830256,0.9999999999999997,0.92547648335201
