,coef,abs coef,% total,cum % total,coef OR
DeconRNASeq_CBSX_NSCLC_NKT.cells,-0.33399738537847035,0.33399738537847035,0.2929969943893212,0.2929969943893212,0.7160556544392914
DeconRNASeq_CBSX_NSCLC_NK.cells,0.23592234486501146,0.23592234486501146,0.20696131461149178,0.49995830900081295,1.2660759890475242
DeconRNASeq_CBSX_NSCLC_T.cells.CD8,-0.22744983133730662,0.22744983133730662,0.1995288582294533,0.6994871672302663,0.796562382964582
DeconRNASeq_CBSX_NSCLC_Monocytes,-0.1927835581796095,0.1927835581796095,0.1691180996830207,0.868605266913287,0.8246604458321424
DeconRNASeq_CBSX_NSCLC_T.cells.CD4,0.08613100344759977,0.08613100344759977,0.07555785236248659,0.9441631192757736,1.0899491060433364
DeconRNASeq_CBSX_NSCLC_B.cells,0.06365038729646724,0.06365038729646724,0.05583688072422643,1.0,1.0657197444618929
