,coef,abs coef,% total,cum % total,coef OR
DeconRNASeq_CBSX_NSCLC_B.cells,-0.06785046602198486,0.06785046602198486,0.2726852550200546,0.2726852550200546,0.9344001877080744
DeconRNASeq_CBSX_NSCLC_T.cells.CD8,0.06001445631814682,0.06001445631814682,0.2411929981542234,0.513878253174278,1.0618518969032509
DeconRNASeq_CBSX_NSCLC_NK.cells,0.050805366240167654,0.050805366240167654,0.2041824479893545,0.7180607011636325,1.0521180956528395
DeconRNASeq_CBSX_NSCLC_T.cells.CD4,0.035949796253920176,0.035949796253920176,0.14447917507659963,0.8625398762402321,1.0366038037904146
DeconRNASeq_CBSX_NSCLC_Monocytes,0.032519588235154835,0.032519588235154835,0.13069346064884926,0.9932333368890813,1.0330541286529826
DeconRNASeq_CBSX_NSCLC_NKT.cells,0.0016837039665230033,0.0016837039665230033,0.006766663110918626,1.0,1.0016851221918919
