,coef,abs coef,% total,cum % total,coef OR
DeconRNASeq_CBSX_NSCLC_Monocytes,0.009433378100424127,0.009433378100424127,0.3129322137141303,0.3129322137141303,1.0094780126527514
DeconRNASeq_CBSX_NSCLC_B.cells,-0.008870669153547376,0.008870669153547376,0.2942655436678007,0.607197757381931,0.9911685591525989
DeconRNASeq_CBSX_NSCLC_T.cells.CD8,-0.005025195880757168,0.005025195880757168,0.16670016345912897,0.77389792084106,0.9949874092927351
DeconRNASeq_CBSX_NSCLC_NK.cells,0.004757606947372156,0.004757606947372156,0.15782347088960183,0.9317213917306618,1.0047689423286053
DeconRNASeq_CBSX_NSCLC_T.cells.CD4,0.002017802993268513,0.002017802993268513,0.06693631388464379,0.9986577056153056,1.0020198401276765
DeconRNASeq_CBSX_NSCLC_NKT.cells,-4.0463620867320286e-05,4.0463620867320286e-05,0.0013422943846945466,1.0000000000000002,0.999959537197774
