,coef,abs coef,% total,cum % total,coef OR
DeconRNASeq_CBSX_melanoma_Endothelial.cells,-0.4568791024804983,0.4568791024804983,0.3196688977572869,0.3196688977572869,0.6332568946228055
DeconRNASeq_CBSX_melanoma_B.cells,-0.2840861156425003,0.2840861156425003,0.19876920384964109,0.5184381016069279,0.752701822514077
DeconRNASeq_CBSX_melanoma_CAF,0.22842355049910093,0.22842355049910093,0.15982325348962614,0.678261355096554,1.2566174536824823
DeconRNASeq_CBSX_melanoma_NK.cells,0.19337505867983798,0.19337505867983798,0.13530054565052707,0.8135619007470811,1.2133377810566341
DeconRNASeq_CBSX_melanoma_T.cells.CD4,0.13631779146626444,0.13631779146626444,0.09537875097841336,0.9089406517254945,1.146046039381847
DeconRNASeq_CBSX_melanoma_Macrophages,0.0831335296153665,0.0831335296153665,0.05816681838704,0.9671074701125345,1.0866869037450504
DeconRNASeq_CBSX_melanoma_T.cells.CD8,-0.02586297085050169,0.02586297085050169,0.018095788009611615,0.9852032581221462,0.9744686110653616
DeconRNASeq_CBSX_melanoma_Malignant,-0.02114788831887621,0.02114788831887621,0.014796741877853613,0.9999999999999998,0.9790741602306767
