,coef,abs coef,% total,cum % total,coef OR
DeconRNASeq_CBSX_melanoma_B.cells,-0.5475958605840783,0.5475958605840783,0.3264180505574,0.3264180505574,0.5783385468497783
DeconRNASeq_CBSX_melanoma_Endothelial.cells,-0.3968612552972342,0.3968612552972342,0.23656620990106214,0.5629842604584621,0.6724273148887484
DeconRNASeq_CBSX_melanoma_NK.cells,0.328025544029609,0.328025544029609,0.19553372536631036,0.7585179858247724,1.3882244326825222
DeconRNASeq_CBSX_melanoma_T.cells.CD8,-0.21540170098377026,0.21540170098377026,0.12839944269643483,0.8869174285212071,0.8062175167518912
DeconRNASeq_CBSX_melanoma_Macrophages,0.13235637338577516,0.13235637338577516,0.07889670556192703,0.9658141340831342,1.1415150523726307
DeconRNASeq_CBSX_melanoma_CAF,0.057349888079385285,0.057349888079385285,0.03418586591686576,1.0,1.0590262862524928
DeconRNASeq_CBSX_melanoma_Malignant,0.0,0.0,0.0,1.0,1.0
DeconRNASeq_CBSX_melanoma_T.cells.CD4,0.0,0.0,0.0,1.0,1.0
