,coef,abs coef,% total,cum % total,coef OR
CIBERSORTx_CBSX_NSCLC_NK_cells,-0.4581994124814862,0.4581994124814862,0.5083085772778075,0.5083085772778075,0.6324213509213711
CIBERSORTx_CBSX_NSCLC_T_cells_CD4,-0.3269721367692231,0.3269721367692231,0.36273015006837006,0.8710387273461776,0.7211038350292612
CIBERSORTx_CBSX_NSCLC_Monocytes,0.11624824369342002,0.11624824369342002,0.12896127265382243,1.0,1.1232746833813838
CIBERSORTx_CBSX_NSCLC_T_cells_CD8,0.0,0.0,0.0,1.0,1.0
CIBERSORTx_CBSX_NSCLC_NKT_cells,0.0,0.0,0.0,1.0,1.0
CIBERSORTx_CBSX_NSCLC_B_cells,0.0,0.0,0.0,1.0,1.0
