,coef,abs coef,% total,cum % total,coef OR
DeconRNASeq_CBSX_melanoma_Endothelial.cells,-0.7035310034952136,0.7035310034952136,0.31047207170881186,0.31047207170881186,0.49483495141684025
DeconRNASeq_CBSX_melanoma_NK.cells,0.33946495499460166,0.33946495499460166,0.14980773743602274,0.4602798091448346,1.404196081435947
TMB,-0.3389967559052781,0.3389967559052781,0.14960111862247752,0.6098809277673121,0.7124847604534934
DeconRNASeq_CBSX_melanoma_B.cells,-0.3264526801505485,0.3264526801505485,0.14406534952645406,0.7539462772937662,0.721478514495558
DeconRNASeq_CBSX_melanoma_T.cells.CD4,0.225753803412408,0.225753803412408,0.09962638560827974,0.8535726629020459,1.2532670772153298
DeconRNASeq_CBSX_melanoma_CAF,0.21076251011601602,0.21076251011601602,0.09301064605422765,0.9465833089562736,1.2346191106921245
DeconRNASeq_CBSX_melanoma_Macrophages,0.05388432746522835,0.05388432746522835,0.02377944781061706,0.9703627567668907,1.0553625186367275
DeconRNASeq_CBSX_melanoma_Malignant,-0.035724453451289905,0.035724453451289905,0.015765396291824472,0.9861281530587152,0.9649061334106943
DeconRNASeq_CBSX_melanoma_T.cells.CD8,0.03143366276142035,0.03143366276142035,0.01387184694128509,1.0000000000000002,1.031932917744856
