,coef,abs coef,% total,cum % total,coef OR
CIBERSORTx_CBSX_NSCLC_NK_cells,-0.37161858180658747,0.37161858180658747,0.7143691006707411,0.7143691006707411,0.6896172249239749
CIBERSORTx_CBSX_NSCLC_Monocytes,0.0768357627471626,0.0768357627471626,0.14770277219778138,0.8620718728685225,1.0798647078146875
CIBERSORTx_CBSX_NSCLC_T_cells_CD4,-0.07175094072197707,0.07175094072197707,0.13792812713147765,1.0000000000000002,0.9307626820273501
CIBERSORTx_CBSX_NSCLC_T_cells_CD8,0.0,0.0,0.0,1.0000000000000002,1.0
CIBERSORTx_CBSX_NSCLC_NKT_cells,0.0,0.0,0.0,1.0000000000000002,1.0
CIBERSORTx_CBSX_NSCLC_B_cells,0.0,0.0,0.0,1.0000000000000002,1.0
SEX,0.0,0.0,0.0,1.0000000000000002,1.0
