,coef,abs coef,% total,cum % total,coef OR
DeconRNASeq_CBSX_melanoma_CAF,0.09199277557388774,0.09199277557388774,0.8400728416633729,0.8400728416633729,1.0963569015027785
DeconRNASeq_CBSX_melanoma_B.cells,-0.013284071355504213,0.013284071355504213,0.12130939090444294,0.9613822325678159,0.9868037725154194
DeconRNASeq_CBSX_melanoma_Malignant,-0.0042288661606049785,0.0042288661606049785,0.03861776743218409,1.0,0.995780062902858
DeconRNASeq_CBSX_melanoma_Endothelial.cells,0.0,0.0,0.0,1.0,1.0
DeconRNASeq_CBSX_melanoma_T.cells.CD8,0.0,0.0,0.0,1.0,1.0
DeconRNASeq_CBSX_melanoma_NK.cells,0.0,0.0,0.0,1.0,1.0
DeconRNASeq_CBSX_melanoma_Macrophages,0.0,0.0,0.0,1.0,1.0
DeconRNASeq_CBSX_melanoma_T.cells.CD4,0.0,0.0,0.0,1.0,1.0
AAGE,0.0,0.0,0.0,1.0,1.0
