,coef,abs coef,% total,cum % total,coef OR
EpiDISH_CBSX_NSCLC_NKT.cells,0.5884465080395334,0.5884465080395334,0.3336426574856882,0.3336426574856882,1.8011881095872169
EpiDISH_CBSX_NSCLC_NK.cells,0.421917297463092,0.421917297463092,0.23922243813418698,0.5728650956198752,1.5248824078246457
EpiDISH_CBSX_NSCLC_B.cells,-0.37867593029337915,0.37867593029337915,0.21470506151845536,0.7875701571383306,0.6847674891119191
SEX,-0.14692793663918713,0.14692793663918713,0.08330651396421207,0.8708766711025426,0.8633561915233534
EpiDISH_CBSX_NSCLC_T.cells.CD8,0.11024028627339234,0.11024028627339234,0.06250502224369836,0.933381693346241,1.1165463289846214
EpiDISH_CBSX_NSCLC_T.cells.CD4,-0.07722119954283863,0.07722119954283863,0.04378356550290614,0.9771652588491472,0.925685069844031
EpiDISH_CBSX_NSCLC_Monocytes,-0.040273698193949804,0.040273698193949804,0.022834741150852815,1.0,0.9605265088014836
