,coef,abs coef,% total,cum % total,coef OR
DeconRNASeq_CBSX_melanoma_CAF,0.09199242856117215,0.09199242856117215,0.8400531255915756,0.8400531255915756,1.096356521053059
DeconRNASeq_CBSX_melanoma_B.cells,-0.013285782247992694,0.013285782247992694,0.12132262489334941,0.9613757504849251,0.9868020842017017
DeconRNASeq_CBSX_melanoma_Malignant,-0.004229659298919053,0.004229659298919053,0.038624249515074975,1.0,0.995779273111851
DeconRNASeq_CBSX_melanoma_Endothelial.cells,0.0,0.0,0.0,1.0,1.0
DeconRNASeq_CBSX_melanoma_T.cells.CD8,0.0,0.0,0.0,1.0,1.0
DeconRNASeq_CBSX_melanoma_NK.cells,0.0,0.0,0.0,1.0,1.0
DeconRNASeq_CBSX_melanoma_Macrophages,0.0,0.0,0.0,1.0,1.0
DeconRNASeq_CBSX_melanoma_T.cells.CD4,0.0,0.0,0.0,1.0,1.0
SEX,0.0,0.0,0.0,1.0,1.0
