,coef,abs coef,% total,cum % total,coef OR
CIBERSORTx_CBSX_NSCLC_T_cells_CD4,-1.5570062670188967,1.5570062670188967,0.504375467468715,0.504375467468715,0.210766105093707
CIBERSORTx_CBSX_NSCLC_NKT_cells,0.5268111862363373,0.5268111862363373,0.17065482904859502,0.6750302965173101,1.6935233585399485
CIBERSORTx_CBSX_NSCLC_NK_cells,-0.4488880359602709,0.4488880359602709,0.14541246093508958,0.8204427574523996,0.6383375655453848
CIBERSORTx_CBSX_NSCLC_Monocytes,0.35122390901468137,0.35122390901468137,0.11377521532693957,0.9342179727793392,1.4208054214406067
CIBERSORTx_CBSX_NSCLC_B_cells,-0.11798942515434109,0.11798942515434109,0.03822140779338526,0.9724393805727244,0.8887054504879018
CIBERSORTx_CBSX_NSCLC_T_cells_CD8,0.08507958839979166,0.08507958839979166,0.027560619427275546,0.9999999999999999,1.088803719395792
