,coef,abs coef,% total,cum % total,coef OR
CIBERSORTx_CBSX_NSCLC_NK_cells,-0.604704108873402,0.604704108873402,0.50630844474607,0.50630844474607,0.5462360291242058
CIBERSORTx_CBSX_NSCLC_T_cells_CD4,-0.43930157360682187,0.43930157360682187,0.36781972082471237,0.8741281655707823,0.6444863902346684
CIBERSORTx_CBSX_NSCLC_Monocytes,0.15033368742043154,0.15033368742043154,0.12587183442921776,1.0,1.1622219968904532
CIBERSORTx_CBSX_NSCLC_T_cells_CD8,0.0,0.0,0.0,1.0,1.0
CIBERSORTx_CBSX_NSCLC_NKT_cells,0.0,0.0,0.0,1.0,1.0
CIBERSORTx_CBSX_NSCLC_B_cells,0.0,0.0,0.0,1.0,1.0
