,coef,abs coef,% total,cum % total,coef OR
EpiDISH_CBSX_NSCLC_Monocytes,0.1543119039489423,0.1543119039489423,0.4045861138342293,0.4045861138342293,1.166854776638823
EpiDISH_CBSX_NSCLC_T.cells.CD4,-0.14101856799284032,0.14101856799284032,0.3697326838865847,0.774318797720814,0.8684731857440602
EpiDISH_CBSX_NSCLC_T.cells.CD8,0.042349115593048374,0.042349115593048374,0.1110339751091215,0.8853527728299355,1.0432586330374705
EpiDISH_CBSX_NSCLC_B.cells,-0.03073751437112774,0.03073751437112774,0.08058983895664382,0.9659426117865794,0.9697300798822294
EpiDISH_CBSX_NSCLC_NKT.cells,-0.0129897202079815,0.0129897202079815,0.03405738821342055,0.9999999999999999,0.9870942820920552
EpiDISH_CBSX_NSCLC_NK.cells,0.0,0.0,0.0,0.9999999999999999,1.0
