,coef,abs coef,% total,cum % total,coef OR
EpiDISH_CBSX_NSCLC_T.cells.CD4,-0.30534059957606663,0.30534059957606663,0.5479364385164197,0.5479364385164197,0.7368723532340777
EpiDISH_CBSX_NSCLC_B.cells,-0.10666386367396312,0.10666386367396312,0.19140925792723612,0.7393456964436558,0.8988277508757053
EpiDISH_CBSX_NSCLC_T.cells.CD8,0.09487704807634202,0.09487704807634202,0.1702577118538442,0.9096034082975,1.099523658266025
EpiDISH_CBSX_NSCLC_NK.cells,0.05037399882513392,0.05037399882513392,0.09039659170249985,0.9999999999999998,1.0516643440634688
EpiDISH_CBSX_NSCLC_Monocytes,0.0,0.0,0.0,0.9999999999999998,1.0
EpiDISH_CBSX_NSCLC_NKT.cells,0.0,0.0,0.0,0.9999999999999998,1.0
