,coef,abs coef,% total,cum % total,coef OR
DeconRNASeq_CBSX_melanoma_B.cells,-1.0129681230606418,1.0129681230606418,0.40441927890278917,0.40441927890278917,0.36313953557291573
DeconRNASeq_CBSX_melanoma_Endothelial.cells,-0.48344157719036707,0.48344157719036707,0.19301011511420568,0.5974293940169948,0.6166574613743373
DeconRNASeq_CBSX_melanoma_NK.cells,0.4445236398718944,0.4445236398718944,0.1774724453806652,0.77490183939766,1.5597470175473773
DeconRNASeq_CBSX_melanoma_T.cells.CD8,-0.24460244934425532,0.24460244934425532,0.09765553715823865,0.8725573765558986,0.7830157648043635
DeconRNASeq_CBSX_melanoma_Macrophages,0.1730271797419508,0.1730271797419508,0.06907969329814134,0.9416370698540399,1.188898418597117
DeconRNASeq_CBSX_melanoma_CAF,0.11731653451445137,0.11731653451445137,0.04683767160249354,0.9884747414565335,1.1244753086094084
DeconRNASeq_CBSX_melanoma_Malignant,0.028867860964091625,0.028867860964091625,0.011525258543466524,1.0,1.0292885762885304
DeconRNASeq_CBSX_melanoma_T.cells.CD4,0.0,0.0,0.0,1.0,1.0
