,coef,abs coef,% total,cum % total,coef OR
EpiDISH_CBSX_NSCLC_T.cells.CD4,-0.31975775955437863,0.31975775955437863,0.4278683635813029,0.4278683635813029,0.7263249610471098
EpiDISH_CBSX_NSCLC_Monocytes,0.1436218828486106,0.1436218828486106,0.19218066849899257,0.6200490320802955,1.154447509583589
EpiDISH_CBSX_NSCLC_B.cells,-0.1261860652054933,0.1261860652054933,0.16884977334555093,0.7888988054258464,0.8814508241957048
EpiDISH_CBSX_NSCLC_T.cells.CD8,0.10561188939412436,0.10561188939412436,0.14131943616557893,0.9302182415914254,1.111390450370359
EpiDISH_CBSX_NSCLC_NKT.cells,-0.027654818620070142,0.027654818620070142,0.037004956516449694,0.9672231981078752,0.9727240750963201
EpiDISH_CBSX_NSCLC_NK.cells,0.024495002740234334,0.024495002740234334,0.03277680189212496,1.0000000000000002,1.0247974699152382
