,coef,abs coef,% total,cum % total,coef OR
DeconRNASeq_CBSX_melanoma_Endothelial.cells,-0.6841866458110673,0.6841866458110673,0.3320036923416479,0.3320036923416479,0.5045004002590602
DeconRNASeq_CBSX_melanoma_B.cells,-0.4220637025992127,0.4220637025992127,0.20480772099872394,0.5368114133403719,0.6556922687612031
DeconRNASeq_CBSX_melanoma_NK.cells,0.33575033384036757,0.33575033384036757,0.16292389104993527,0.6997353043903072,1.3989897008195864
DeconRNASeq_CBSX_melanoma_CAF,0.2861460427227593,0.2861460427227593,0.13885325490427788,0.8385885592945851,1.3312868658144794
DeconRNASeq_CBSX_melanoma_T.cells.CD4,0.21448393702786023,0.21448393702786023,0.10407899580794656,0.9426675551025316,1.2392222152226984
DeconRNASeq_CBSX_melanoma_Macrophages,0.09680004070088456,0.09680004070088456,0.046972520040080006,0.9896400751426117,1.1016400684197492
DeconRNASeq_CBSX_melanoma_T.cells.CD8,-0.02134952834120062,0.02134952834120062,0.010359924857388392,1.0,0.9788767595977534
DeconRNASeq_CBSX_melanoma_Malignant,0.0,0.0,0.0,1.0,1.0
