,coef,abs coef,% total,cum % total,coef OR
DeconRNASeq_CBSX_NSCLC_NK.cells,0.1788556918837422,0.1788556918837422,0.4317014580175472,0.4317014580175472,1.1958481611201541
DeconRNASeq_CBSX_NSCLC_NKT.cells,-0.1540681719924992,0.1540681719924992,0.3718721712613607,0.803573629278908,0.8572135810616778
DeconRNASeq_CBSX_NSCLC_T.cells.CD4,-0.08138025431015657,0.08138025431015657,0.19642637072109212,1.0,0.9218430899817204
DeconRNASeq_CBSX_NSCLC_T.cells.CD8,0.0,0.0,0.0,1.0,1.0
DeconRNASeq_CBSX_NSCLC_Monocytes,0.0,0.0,0.0,1.0,1.0
DeconRNASeq_CBSX_NSCLC_B.cells,0.0,0.0,0.0,1.0,1.0
