,coef,abs coef,% total,cum % total,coef OR
DeconRNASeq_CBSX_NSCLC_B.cells,-0.10109790595511868,0.10109790595511868,0.4801292914130407,0.4801292914130407,0.9038445367911341
DeconRNASeq_CBSX_NSCLC_T.cells.CD8,0.056045856281547186,0.056045856281547186,0.26617027334910814,0.7462995647621489,1.0576461823457348
DeconRNASeq_CBSX_NSCLC_NK.cells,0.04168619283878915,0.04168619283878915,0.19797405337238683,0.9442736181345357,1.0425672623390558
DeconRNASeq_CBSX_NSCLC_T.cells.CD4,0.011733965441835813,0.011733965441835813,0.05572638186546426,1.0,1.0118030784731007
DeconRNASeq_CBSX_NSCLC_Monocytes,0.0,0.0,0.0,1.0,1.0
DeconRNASeq_CBSX_NSCLC_NKT.cells,0.0,0.0,0.0,1.0,1.0
