,coef,abs coef,% total,cum % total,coef OR
CIBERSORTx_CBSX_NSCLC_NK_cells,-0.1015547295070326,0.1015547295070326,0.688055321944183,0.688055321944183,0.9034317336157445
CIBERSORTx_CBSX_NSCLC_NKT_cells,0.04604202073694126,0.04604202073694126,0.31194467805581705,1.0,1.0471184107197626
CIBERSORTx_CBSX_NSCLC_T_cells_CD8,0.0,0.0,0.0,1.0,1.0
CIBERSORTx_CBSX_NSCLC_Monocytes,0.0,0.0,0.0,1.0,1.0
CIBERSORTx_CBSX_NSCLC_T_cells_CD4,0.0,0.0,0.0,1.0,1.0
CIBERSORTx_CBSX_NSCLC_B_cells,0.0,0.0,0.0,1.0,1.0
AAGE,0.0,0.0,0.0,1.0,1.0
