,coef,abs coef,% total,cum % total,coef OR
DeconRNASeq_CBSX_NSCLC_T.cells.CD4,1.3704439967082993,1.3704439967082993,0.2550697974454495,0.2550697974454495,3.937098366176575
DeconRNASeq_CBSX_NSCLC_Monocytes,1.0170887057197242,1.0170887057197242,0.18930259884760847,0.44437239629305797,2.7651329188058305
DeconRNASeq_CBSX_NSCLC_NK.cells,-0.9162373725705439,0.9162373725705439,0.17053194555549853,0.6149043418485565,0.40002134429089764
TMB,-0.8219928046983483,0.8219928046983483,0.15299095672615962,0.7678952985747161,0.43955483419159364
DeconRNASeq_CBSX_NSCLC_NKT.cells,-0.7265489326464836,0.7265489326464836,0.13522675098688608,0.9031220495616021,0.48357496351305485
DeconRNASeq_CBSX_NSCLC_B.cells,-0.4431566844177612,0.4431566844177612,0.08248121484901157,0.9856032644106137,0.6420066067753689
DeconRNASeq_CBSX_NSCLC_T.cells.CD8,-0.0773510625651023,0.0773510625651023,0.014396735589386126,0.9999999999999999,0.9255648653884225
