,coef,abs coef,% total,cum % total,coef OR
CIBERSORTx_CBSX_NSCLC_T_cells_CD4,-9.658350857150749,9.658350857150749,0.6681604911711291,0.6681604911711291,6.38897985039893e-05
CIBERSORTx_CBSX_NSCLC_Monocytes,1.175426744942049,1.175426744942049,0.08131550850160865,0.7494759996727377,3.239525099853944
CIBERSORTx_CBSX_NSCLC_B_cells,0.8815133199285273,0.8815133199285273,0.06098270621234115,0.8104587058850788,2.4145509310272777
CIBERSORTx_CBSX_NSCLC_NKT_cells,0.8754778896517457,0.8754778896517457,0.0605651777835434,0.8710238836686223,2.4000219656153474
CIBERSORTx_CBSX_NSCLC_T_cells_CD8,0.7736662388715063,0.7736662388715063,0.05352189227876145,0.9245457759473837,2.167699005573848
TMB,-0.641588646089536,0.641588646089536,0.044384822133855216,0.9689305980812389,0.5264554080326946
CIBERSORTx_CBSX_NSCLC_NK_cells,-0.4491124342405479,0.4491124342405479,0.031069401918760946,0.9999999999999999,0.6381943397638506
