,coef,abs coef,% total,cum % total,coef OR
DeconRNASeq_CBSX_NSCLC_NKT.cells,0.24185712436234255,0.24185712436234255,0.328080435122448,0.328080435122448,1.2736122116592983
DeconRNASeq_CBSX_NSCLC_NK.cells,0.16363643495117253,0.16363643495117253,0.22197366698297602,0.550054102105424,1.1777860354062064
DeconRNASeq_CBSX_NSCLC_T.cells.CD8,0.15526705669158639,0.15526705669158639,0.2106205622590661,0.7606746643644902,1.1679698336190896
DeconRNASeq_CBSX_NSCLC_T.cells.CD4,0.10283052671951869,0.10283052671951869,0.13949013922561568,0.9001648035901059,1.1083035653182243
AAGE,-0.05053510901088448,0.05053510901088448,0.06855113570445141,0.9687159392945572,0.9507205492282598
DeconRNASeq_CBSX_NSCLC_Monocytes,-0.023062249834469563,0.023062249834469563,0.03128406070544291,1.0000000000000002,0.9772016512388562
DeconRNASeq_CBSX_NSCLC_B.cells,0.0,0.0,0.0,1.0000000000000002,1.0
