,coef,abs coef,% total,cum % total,coef OR
CIBERSORTx_CBSX_NSCLC_NK_cells,-0.4180911332405569,0.4180911332405569,0.6821922348439526,0.6821922348439526,0.6583022324753447
CIBERSORTx_CBSX_NSCLC_T_cells_CD4,-0.1947729714588945,0.1947729714588945,0.3178077651560474,1.0,0.8230214862148676
CIBERSORTx_CBSX_NSCLC_T_cells_CD8,0.0,0.0,0.0,1.0,1.0
CIBERSORTx_CBSX_NSCLC_Monocytes,0.0,0.0,0.0,1.0,1.0
CIBERSORTx_CBSX_NSCLC_NKT_cells,0.0,0.0,0.0,1.0,1.0
CIBERSORTx_CBSX_NSCLC_B_cells,0.0,0.0,0.0,1.0,1.0
AAGE,0.0,0.0,0.0,1.0,1.0
