,coef,abs coef,% total,cum % total,coef OR
DeconRNASeq_CBSX_NSCLC_NKT.cells,0.20236734555900782,0.20236734555900782,0.2608778906050712,0.2608778906050712,1.2242976658268643
DeconRNASeq_CBSX_NSCLC_NK.cells,0.140650074616526,0.140650074616526,0.1813162824172445,0.44219417302231573,1.1510218057597272
DeconRNASeq_CBSX_NSCLC_T.cells.CD8,0.13158275520279028,0.13158275520279028,0.1696273256067296,0.6118214986290453,1.140632297073766
DeconRNASeq_CBSX_NSCLC_T.cells.CD4,0.0994027104251221,0.0994027104251221,0.1281430526476473,0.7399645512766926,1.1045110081061142
SEX,0.08734250789637443,0.08734250789637443,0.11259587932638519,0.8525604306030777,1.0912703844399656
DeconRNASeq_CBSX_NSCLC_B.cells,-0.061360670840804266,0.061360670840804266,0.07910190416760439,0.9316623347706822,0.9404839734524844
DeconRNASeq_CBSX_NSCLC_Monocytes,-0.05301067055579881,0.05301067055579881,0.06833766522931782,1.0,0.9483698927944479
