,coef,abs coef,% total,cum % total,coef OR
TMB,-0.45375575972220483,0.45375575972220483,0.22661609270881727,0.22661609270881727,0.6352378649730559
CIBERSORTx_CBSX_melanoma_B_cells,-0.3676845712269985,0.3676845712269985,0.18363015586136205,0.41024624857017933,0.6923355297969513
CIBERSORTx_CBSX_melanoma_CAF,0.33761657065478856,0.33761657065478856,0.16861350282887547,0.5788597513990548,1.4016029846470235
CIBERSORTx_CBSX_melanoma_T_cells_CD8,-0.2459774578851216,0.2459774578851216,0.12284681616934222,0.701706567568397,0.7819398513047647
CIBERSORTx_CBSX_melanoma_NK_cells,0.2062212711891382,0.2062212711891382,0.10299165951951436,0.8046982270879114,1.2290251217605916
CIBERSORTx_CBSX_melanoma_Endothelial_cells,-0.1902461365225569,0.1902461365225569,0.09501330878551117,0.8997115358734226,0.826755614145692
CIBERSORTx_CBSX_melanoma_Macrophages,0.10190891654656746,0.10190891654656746,0.0508956635484046,0.9506071994218271,1.1072826120104498
CIBERSORTx_CBSX_melanoma_T_cells_CD4,0.07426464649845867,0.07426464649845867,0.03708947744527922,0.9876966768671064,1.0770918163587109
CIBERSORTx_CBSX_melanoma_Malignant,-0.024635071889828965,0.024635071889828965,0.012303323132893482,0.9999999999999999,0.9756658949815028
