,coef,abs coef,% total,cum % total,coef OR
CIBERSORTx_CBSX_melanoma_B_cells,-0.8816353127246996,0.8816353127246996,0.22166688093390774,0.22166688093390774,0.4141051662220458
CIBERSORTx_CBSX_melanoma_NK_cells,0.7897292358830964,0.7897292358830964,0.1985592160090662,0.42022609694297397,2.202799906330133
CIBERSORTx_CBSX_melanoma_CAF,0.5414422291573253,0.5414422291573253,0.13613317027001157,0.5563592672129856,1.7184835228424855
AAGE,0.479644421202926,0.479644421202926,0.1205955356720178,0.6769548028850034,1.61549986255409
CIBERSORTx_CBSX_melanoma_T_cells_CD4,-0.46148026251845015,0.46148026251845015,0.11602857658784418,0.7929833794728476,0.6303498712739758
CIBERSORTx_CBSX_melanoma_Endothelial_cells,-0.39906706268232606,0.39906706268232606,0.1003362158837098,0.8933195953565574,0.6709457044260215
CIBERSORTx_CBSX_melanoma_Macrophages,0.35540026261228186,0.35540026261228186,0.08935720536520331,0.9826768007217607,1.4267516153353073
CIBERSORTx_CBSX_melanoma_Malignant,-0.05128253618079603,0.05128253618079603,0.012893811848853427,0.9955706125706141,0.950010220351393
CIBERSORTx_CBSX_melanoma_T_cells_CD8,-0.017616995173265773,0.017616995173265773,0.004429387429385945,1.0,0.9825372768214475
