,coef,abs coef,% total,cum % total,coef OR
EpiDISH_CBSX_NSCLC_T.cells.CD8,0.05977400504254293,0.05977400504254293,0.655444857147004,0.655444857147004,1.0615966039541258
EpiDISH_CBSX_NSCLC_T.cells.CD4,-0.03142208016701231,0.03142208016701231,0.3445551428529961,1.0,0.9690664630089241
EpiDISH_CBSX_NSCLC_Monocytes,0.0,0.0,0.0,1.0,1.0
EpiDISH_CBSX_NSCLC_NKT.cells,0.0,0.0,0.0,1.0,1.0
EpiDISH_CBSX_NSCLC_B.cells,0.0,0.0,0.0,1.0,1.0
EpiDISH_CBSX_NSCLC_NK.cells,0.0,0.0,0.0,1.0,1.0
AAGE,0.0,0.0,0.0,1.0,1.0
