,coef,abs coef,% total,cum % total,coef OR
DeconRNASeq_CBSX_melanoma_Endothelial.cells,-1.5145235981737086,1.5145235981737086,0.2456498112309118,0.2456498112309118,0.21991292681610847
TMB,-1.1399356214186562,1.1399356214186562,0.18489310470603015,0.43054291593694194,0.31983961197399063
DeconRNASeq_CBSX_melanoma_NK.cells,1.0743644908446486,1.0743644908446486,0.17425772347649648,0.6048006394134384,2.9281314547658606
DeconRNASeq_CBSX_melanoma_T.cells.CD8,-0.9432164784332541,0.9432164784332541,0.152986028184976,0.7577866675984144,0.3893734078516702
DeconRNASeq_CBSX_melanoma_CAF,0.5074928515212518,0.5074928515212518,0.08231335802727725,0.8401000256256916,1.6611212921268217
DeconRNASeq_CBSX_melanoma_T.cells.CD4,0.4082679120480741,0.4082679120480741,0.06621946046082341,0.906319486086515,1.5042101032006716
DeconRNASeq_CBSX_melanoma_Macrophages,0.2576568989530972,0.2576568989530972,0.041790942489435545,0.9481104285759505,1.2938948057955098
DeconRNASeq_CBSX_melanoma_B.cells,-0.19684477825005467,0.19684477825005467,0.031927454070194386,0.9800378826461449,0.8213181098531093
DeconRNASeq_CBSX_melanoma_Malignant,-0.12307397123748264,0.12307397123748264,0.01996211735385498,0.9999999999999999,0.8841982549026128
