,coef,abs coef,% total,cum % total,coef OR
DeconRNASeq_CBSX_melanoma_Endothelial.cells,-1.8416137188812276,1.8416137188812276,0.2860471782188864,0.2860471782188864,0.15856134610388323
DeconRNASeq_CBSX_melanoma_B.cells,-1.4279974520355387,1.4279974520355387,0.22180256232380374,0.5078497405426902,0.23978862999745376
DeconRNASeq_CBSX_melanoma_NK.cells,1.1456215232980176,1.1456215232980176,0.17794274699761556,0.6857924875403058,3.144395064429597
DeconRNASeq_CBSX_melanoma_CAF,0.5763968477513084,0.5763968477513084,0.08952837945499491,0.7753208669953007,1.7796146422558907
TMB,-0.5102315541993256,0.5102315541993256,0.07925130814382622,0.8545721751391269,0.600356547636563
DeconRNASeq_CBSX_melanoma_T.cells.CD4,0.3440180324332893,0.3440180324332893,0.05343432578995807,0.908006500929085,1.410604071902162
DeconRNASeq_CBSX_melanoma_Malignant,0.28057889261607577,0.28057889261607577,0.043580692127644066,0.951587193056729,1.323895984160118
DeconRNASeq_CBSX_melanoma_Macrophages,0.24053124467507284,0.24053124467507284,0.03736032323574286,0.9889475162924719,1.2719246740815169
DeconRNASeq_CBSX_melanoma_T.cells.CD8,-0.07115751237342932,0.07115751237342932,0.011052483707528074,1.0,0.931315186908451
