,coef,abs coef,% total,cum % total,coef OR
DeconRNASeq_CBSX_melanoma_Endothelial.cells,1.3747442977133975,1.3747442977133975,0.21527020457655804,0.21527020457655804,3.9540655300465124
DeconRNASeq_CBSX_melanoma_NK.cells,-1.2553435022541732,1.2553435022541732,0.19657332130316438,0.4118435258797224,0.2849779408446437
DeconRNASeq_CBSX_melanoma_B.cells,-1.084718749798076,1.084718749798076,0.1698553160507388,0.5816988419304612,0.33799683420577825
DeconRNASeq_CBSX_melanoma_Macrophages,0.7566518210014707,0.7566518210014707,0.1184835555027481,0.7001823974332093,2.1311288609588503
SEX,-0.7455340005445061,0.7455340005445061,0.11674262412503879,0.8169250215582481,0.47448085924000716
DeconRNASeq_CBSX_melanoma_CAF,0.42341187280958476,0.42341187280958476,0.06630175562936952,0.8832267771876177,1.527163163433679
DeconRNASeq_CBSX_melanoma_T.cells.CD4,-0.36078976702416304,0.36078976702416304,0.056495805864118696,0.9397225830517364,0.6971255418394012
DeconRNASeq_CBSX_melanoma_Malignant,-0.2996993030672683,0.2996993030672683,0.046929694773095096,0.9866522778248314,0.7410410159436358
DeconRNASeq_CBSX_melanoma_T.cells.CD8,-0.08524033776002461,0.08524033776002461,0.013347722175168386,0.9999999999999998,0.9182915577420071
