,coef,abs coef,% total,cum % total,coef OR
TMB,-0.2413352364387474,0.2413352364387474,0.5585553962461448,0.5585553962461448,0.7855782277929659
DeconRNASeq_CBSX_NSCLC_NK.cells,0.09654909455572296,0.09654909455572296,0.2234568750198467,0.7820122712659915,1.1013636507756455
DeconRNASeq_CBSX_NSCLC_B.cells,-0.05481210470823178,0.05481210470823178,0.1268592076158014,0.9088714788817929,0.9466630047652184
DeconRNASeq_CBSX_NSCLC_T.cells.CD4,0.0393739337909542,0.0393739337909542,0.09112852111820707,1.0,1.0401593616716165
DeconRNASeq_CBSX_NSCLC_T.cells.CD8,0.0,0.0,0.0,1.0,1.0
DeconRNASeq_CBSX_NSCLC_Monocytes,0.0,0.0,0.0,1.0,1.0
DeconRNASeq_CBSX_NSCLC_NKT.cells,0.0,0.0,0.0,1.0,1.0
