,coef,abs coef,% total,cum % total,coef OR
DeconRNASeq_CBSX_NSCLC_Monocytes,-0.992763222506088,0.992763222506088,0.36295187225256154,0.36295187225256154,0.3705513592090482
DeconRNASeq_CBSX_NSCLC_NK.cells,0.9749752314690235,0.9749752314690235,0.35644862504904745,0.719400497301609,2.65110154627863
DeconRNASeq_CBSX_NSCLC_T.cells.CD8,0.32806472067709563,0.32806472067709563,0.1199396813765785,0.8393401786781876,1.3882788197270979
DeconRNASeq_CBSX_NSCLC_T.cells.CD4,0.16262251891481966,0.16262251891481966,0.05945440601794597,0.8987945846961335,1.1765924644501338
DeconRNASeq_CBSX_NSCLC_NKT.cells,-0.16000457721239364,0.16000457721239364,0.058497292759917566,0.957291877456051,0.8521398885320259
DeconRNASeq_CBSX_NSCLC_B.cells,0.11681728792519343,0.11681728792519343,0.04270812254394879,0.9999999999999998,1.1239140582596991
SEX,0.0,0.0,0.0,0.9999999999999998,1.0
