,coef,abs coef,% total,cum % total,coef OR
DeconRNASeq_CBSX_NSCLC_Monocytes,-0.9856176994101958,0.9856176994101958,0.34561845026249266,0.34561845026249266,0.3732086249751182
DeconRNASeq_CBSX_NSCLC_NK.cells,0.981321363007067,0.981321363007067,0.34411188932071546,0.6897303395832082,2.6679792829368787
DeconRNASeq_CBSX_NSCLC_T.cells.CD8,0.3426553583783382,0.3426553583783382,0.1201561355967216,0.8098864751799297,1.408683187398548
DeconRNASeq_CBSX_NSCLC_NKT.cells,-0.1650873165990455,0.1650873165990455,0.057889811186527224,0.867776286366457,0.8478196721254794
DeconRNASeq_CBSX_NSCLC_T.cells.CD4,0.15512102889405702,0.15512102889405702,0.05439501506676447,0.9221713014332215,1.1677992900090624
AAGE,0.11143061301099949,0.11143061301099949,0.039074456357376164,0.9612457577905976,1.1178761752525546
DeconRNASeq_CBSX_NSCLC_B.cells,0.11051744205150654,0.11051744205150654,0.038754242209402226,0.9999999999999999,1.1168558291391286
