,coef,abs coef,% total,cum % total,coef OR
TMB,-0.622812332087189,0.622812332087189,0.3535573568101994,0.3535573568101994,0.5364336845570625
EpiDISH_CBSX_NSCLC_T.cells.CD4,-0.508521439912792,0.508521439912792,0.28867684038040836,0.6422341971906078,0.6013841043149449
EpiDISH_CBSX_NSCLC_Monocytes,0.2837900149151517,0.2837900149151517,0.16110157489380256,0.8033357720844103,1.3281540089368509
EpiDISH_CBSX_NSCLC_NK.cells,0.17898348388327784,0.17898348388327784,0.10160512920863903,0.9049409012930494,1.1960009907127964
EpiDISH_CBSX_NSCLC_T.cells.CD8,-0.1674522614546096,0.1674522614546096,0.0950590987069506,1.0,0.8458169943980433
EpiDISH_CBSX_NSCLC_NKT.cells,0.0,0.0,0.0,1.0,1.0
EpiDISH_CBSX_NSCLC_B.cells,0.0,0.0,0.0,1.0,1.0
