,coef,abs coef,% total,cum % total,coef OR
CIBERSORTx_CBSX_NSCLC_NK_cells,-0.10155580426543585,0.10155580426543585,0.6880695589958131,0.6880695589958131,0.9034307626454188
CIBERSORTx_CBSX_NSCLC_NKT_cells,0.046039454001256065,0.046039454001256065,0.3119304410041868,1.0,1.0471157230470205
CIBERSORTx_CBSX_NSCLC_T_cells_CD8,0.0,0.0,0.0,1.0,1.0
CIBERSORTx_CBSX_NSCLC_Monocytes,0.0,0.0,0.0,1.0,1.0
CIBERSORTx_CBSX_NSCLC_T_cells_CD4,0.0,0.0,0.0,1.0,1.0
CIBERSORTx_CBSX_NSCLC_B_cells,0.0,0.0,0.0,1.0,1.0
SEX,0.0,0.0,0.0,1.0,1.0
