,coef,abs coef,% total,cum % total,coef OR
EpiDISH_CBSX_melanoma_Endothelial.cells,0.26022771404304607,0.26022771404304607,0.49783727104754194,0.49783727104754194,1.2972254494872093
EpiDISH_CBSX_melanoma_B.cells,-0.1635145135449079,0.1635145135449079,0.31281687079031767,0.8106541418378597,0.8491541746749014
EpiDISH_CBSX_melanoma_CAF,0.09897418835149283,0.09897418835149283,0.18934585816214028,1.0,1.1040378021554131
EpiDISH_CBSX_melanoma_Malignant,0.0,0.0,0.0,1.0,1.0
EpiDISH_CBSX_melanoma_T.cells.CD8,0.0,0.0,0.0,1.0,1.0
EpiDISH_CBSX_melanoma_NK.cells,0.0,0.0,0.0,1.0,1.0
EpiDISH_CBSX_melanoma_Macrophages,0.0,0.0,0.0,1.0,1.0
EpiDISH_CBSX_melanoma_T.cells.CD4,0.0,0.0,0.0,1.0,1.0
SEX,0.0,0.0,0.0,1.0,1.0
