,coef,abs coef,% total,cum % total,coef OR
EpiDISH_CBSX_melanoma_B.cells,-0.46852240867693745,0.46852240867693745,0.17249141339887564,0.17249141339887564,0.6259264488236388
EpiDISH_CBSX_melanoma_CAF,0.4360510722733382,0.4360510722733382,0.1605367520903078,0.33302816548918346,1.5465877804862362
EpiDISH_CBSX_melanoma_T.cells.CD4,-0.4174510649721494,0.4174510649721494,0.15368896532665755,0.486717130815841,0.6587237257232106
EpiDISH_CBSX_melanoma_Macrophages,0.41589173482593295,0.41589173482593295,0.15311488166300546,0.6398320124788465,1.515721760106902
AAGE,0.2935690100502435,0.2935690100502435,0.10808049420020802,0.7479125066790545,1.3412057328915923
EpiDISH_CBSX_melanoma_Endothelial.cells,-0.27546723177286303,0.27546723177286303,0.10141613565028128,0.8493286423293358,0.7592173098917029
EpiDISH_CBSX_melanoma_NK.cells,0.2491469295430044,0.2491469295430044,0.09172604175373854,0.9410546840830744,1.2829305196173049
EpiDISH_CBSX_melanoma_T.cells.CD8,-0.1601076879679683,0.1601076879679683,0.05894531591692561,1.0,0.8520520282740107
EpiDISH_CBSX_melanoma_Malignant,0.0,0.0,0.0,1.0,1.0
