,coef,abs coef,% total,cum % total,coef OR
CIBERSORTx_CBSX_NSCLC_NK_cells,-0.4180910084008857,0.4180910084008857,0.6821781630844732,0.6821781630844732,0.658302314657584
CIBERSORTx_CBSX_NSCLC_T_cells_CD4,-0.19478555526759103,0.19478555526759103,0.3178218369155267,0.9999999999999999,0.8230111295350954
CIBERSORTx_CBSX_NSCLC_T_cells_CD8,0.0,0.0,0.0,0.9999999999999999,1.0
CIBERSORTx_CBSX_NSCLC_Monocytes,0.0,0.0,0.0,0.9999999999999999,1.0
CIBERSORTx_CBSX_NSCLC_NKT_cells,0.0,0.0,0.0,0.9999999999999999,1.0
CIBERSORTx_CBSX_NSCLC_B_cells,0.0,0.0,0.0,0.9999999999999999,1.0
SEX,0.0,0.0,0.0,0.9999999999999999,1.0
