,coef,abs coef,% total,cum % total,coef OR
EpiDISH_CBSX_NSCLC_NKT.cells,0.46607395700757553,0.46607395700757553,0.2601348472386326,0.2601348472386326,1.593724862111743
EpiDISH_CBSX_NSCLC_B.cells,-0.36815288790124107,0.36815288790124107,0.20548111263186103,0.46561595987049365,0.6920113734340163
EpiDISH_CBSX_NSCLC_T.cells.CD8,0.3301152797671152,0.3301152797671152,0.1842507751875121,0.6498667350580057,1.3911284881886326
EpiDISH_CBSX_NSCLC_NK.cells,0.2575038421434493,0.2575038421434493,0.14372337615563954,0.7935901112136453,1.2936967815393816
EpiDISH_CBSX_NSCLC_Monocytes,-0.24480086096892784,0.24480086096892784,0.1366333252793241,0.9302234364929693,0.7828604207858637
AAGE,-0.11580875577047604,0.11580875577047604,0.06463758066353241,0.9948610171565018,0.890645537830779
EpiDISH_CBSX_NSCLC_T.cells.CD4,0.0092073249481492,0.0092073249481492,0.005138982843498188,1.0,1.0092498427560728
