,coef,abs coef,% total,cum % total,coef OR
DeconRNASeq_CBSX_melanoma_Endothelial.cells,1.3168662713916093,1.3168662713916093,0.25410996540150377,0.25410996540150377,3.731708872088926
DeconRNASeq_CBSX_melanoma_NK.cells,-1.0885326771755628,1.0885326771755628,0.21004942335046808,0.4641593887519718,0.3367101939621485
DeconRNASeq_CBSX_melanoma_B.cells,-0.8220983581373685,0.8220983581373685,0.1586367498972841,0.622796138649256,0.439508440115777
DeconRNASeq_CBSX_melanoma_Macrophages,0.5809802115780183,0.5809802115780183,0.11210922830230614,0.7349053669515622,1.787789984605121
DeconRNASeq_CBSX_melanoma_T.cells.CD4,-0.43480731911626763,0.43480731911626763,0.08390288005493174,0.8188082470064939,0.6473893946220167
AAGE,-0.29794553454806194,0.29794553454806194,0.05749325586077349,0.8763015028672674,0.742341770626751
DeconRNASeq_CBSX_melanoma_CAF,0.26344046694636075,0.26344046694636075,0.050834962816955834,0.9271364656842233,1.301399816330326
DeconRNASeq_CBSX_melanoma_T.cells.CD8,-0.19559563946795622,0.19559563946795622,0.03774324110022464,0.9648797067844479,0.8223446911943645
DeconRNASeq_CBSX_melanoma_Malignant,-0.18200281718140937,0.18200281718140937,0.03512029321555212,1.0,0.8335989920128442
