,coef,abs coef,% total,cum % total,coef OR
EpiDISH_CBSX_melanoma_NK.cells,0.44128040260225937,0.44128040260225937,0.2331303776856878,0.2331303776856878,1.554696582195899
EpiDISH_CBSX_melanoma_B.cells,-0.4129362322722672,0.4129362322722672,0.2181560278272953,0.4512864055129831,0.6617044768734457
EpiDISH_CBSX_melanoma_Endothelial.cells,-0.30403744800520927,0.30403744800520927,0.16062432110300154,0.6119107266159847,0.7378332355503849
EpiDISH_CBSX_melanoma_CAF,0.24384681530792496,0.24384681530792496,0.1288253450979281,0.7407360717139128,1.276148829050503
TMB,-0.24358289804327424,0.24358289804327424,0.12868591644616162,0.8694219881600744,0.7838144966509161
EpiDISH_CBSX_melanoma_T.cells.CD8,0.10875576207679216,0.10875576207679216,0.05745614747208705,0.9268781356321615,1.1148900186631763
EpiDISH_CBSX_melanoma_T.cells.CD4,0.09869626161759218,0.09869626161759218,0.05214166913234436,0.9790198047645058,1.103731003170752
EpiDISH_CBSX_melanoma_Macrophages,0.031009069044263083,0.031009069044263083,0.01638222757081397,0.9954020323353198,1.0314948585166328
EpiDISH_CBSX_melanoma_Malignant,-0.008703254558090314,0.008703254558090314,0.004597967664680268,1.0,0.9913345091267955
