,coef,abs coef,% total,cum % total,coef OR
EpiDISH_CBSX_NSCLC_NKT.cells,0.40897907190084365,0.40897907190084365,0.23564534301046747,0.23564534301046747,1.5052802175022622
EpiDISH_CBSX_NSCLC_B.cells,-0.3500113092193491,0.3500113092193491,0.20166932903239876,0.4373146720428662,0.7046801202915982
EpiDISH_CBSX_NSCLC_NK.cells,0.29993822670365167,0.29993822670365167,0.17281824711722504,0.6101329191600913,1.3497754249232914
EpiDISH_CBSX_NSCLC_T.cells.CD8,0.2870157117466353,0.2870157117466353,0.16537255935757778,0.775505478517669,1.33244514835179
EpiDISH_CBSX_NSCLC_Monocytes,-0.19447002777422961,0.19447002777422961,0.11204963664063453,0.8875551151583035,0.8232708531466213
SEX,0.17495075742126834,0.17495075742126834,0.10080303388353115,0.9883581490418347,1.1911875580210098
EpiDISH_CBSX_NSCLC_T.cells.CD4,0.020205251414058153,0.020205251414058153,0.011641850958165481,1.0000000000000002,1.0204107592854845
