,coef,abs coef,% total,cum % total,coef OR
CIBERSORTx_CBSX_melanoma_B_cells,-0.32073929695126224,0.32073929695126224,0.33943659796454023,0.33943659796454023,0.7256123956975292
CIBERSORTx_CBSX_melanoma_Malignant,0.23576777427896295,0.23576777427896295,0.24951171238329256,0.5889483103478328,1.2658803060637214
CIBERSORTx_CBSX_melanoma_Macrophages,0.19405720328484835,0.19405720328484835,0.20536964918125195,0.7943179595290848,1.2141657352381707
CIBERSORTx_CBSX_melanoma_CAF,-0.14898796680848708,0.14898796680848708,0.15767312914828557,0.9519910886773704,0.8615794823874964
CIBERSORTx_CBSX_melanoma_T_cells_CD8,-0.018671982802981393,0.018671982802981393,0.019760454612642878,0.9717515432900132,0.9815012587378882
CIBERSORTx_CBSX_melanoma_NK_cells,0.013679934500087436,0.013679934500087436,0.01447739790922164,0.9862289411992349,1.013773932945829
CIBERSORTx_CBSX_melanoma_T_cells_CD4,-0.009429605899656688,0.009429605899656688,0.009979299004363012,0.9962082402035979,0.990614713420085
CIBERSORTx_CBSX_melanoma_Endothelial_cells,0.0035828970081568335,0.0035828970081568335,0.0037917597964021443,1.0,1.0035893232562119
