,coef,abs coef,% total,cum % total,coef OR
DeconRNASeq_CBSX_melanoma_B.cells,-0.19916249470853378,0.19916249470853378,0.3023232504308363,0.3023232504308363,0.8194167316312085
DeconRNASeq_CBSX_melanoma_Endothelial.cells,-0.1492768195651913,0.1492768195651913,0.22659815228249575,0.528921402713332,0.8613306487187646
DeconRNASeq_CBSX_melanoma_Malignant,0.08460595491401467,0.08460595491401467,0.1284295385677036,0.6573509412810356,1.088288147600519
DeconRNASeq_CBSX_melanoma_T.cells.CD8,-0.07979299942052716,0.07979299942052716,0.12112360302447028,0.7784745443055059,0.9233074517840403
DeconRNASeq_CBSX_melanoma_Macrophages,0.07383461075447989,0.07383461075447989,0.11207893107714464,0.8905534753826505,1.0766287279575488
DeconRNASeq_CBSX_melanoma_NK.cells,-0.05521026952965306,0.05521026952965306,0.08380768761605634,0.9743611629987068,0.9462861518887378
DeconRNASeq_CBSX_melanoma_T.cells.CD4,-0.01689018205290569,0.01689018205290569,0.025638837001293234,1.0,0.9832516573846193
DeconRNASeq_CBSX_melanoma_CAF,0.0,0.0,0.0,1.0,1.0
