,coef,abs coef,% total,cum % total,coef OR
EpiDISH_CBSX_NSCLC_Monocytes,0.15568285849630487,0.15568285849630487,0.26986534609802554,0.26986534609802554,1.168455578563579
EpiDISH_CBSX_NSCLC_NKT.cells,-0.1509488605696674,0.1509488605696674,0.26165929180766395,0.5315246379056895,0.8598916719050615
EpiDISH_CBSX_NSCLC_T.cells.CD8,0.14753405480239637,0.14753405480239637,0.2557399648557889,0.7872646027614785,1.1589727527457887
EpiDISH_CBSX_NSCLC_B.cells,-0.07118441866281143,0.07118441866281143,0.12339321081827585,0.9106578135797543,0.9312901290096353
EpiDISH_CBSX_NSCLC_T.cells.CD4,-0.04571573031673221,0.04571573031673221,0.07924502095612382,0.9899028345358781,0.9553134902585845
EpiDISH_CBSX_NSCLC_NK.cells,0.005824962726387461,0.005824962726387461,0.0100971654641218,0.9999999999999999,1.0058419608101439
