,coef,abs coef,% total,cum % total,coef OR
EpiDISH_CBSX_NSCLC_T.cells.CD4,-0.18496733844317093,0.18496733844317093,0.4058172862172929,0.4058172862172929,0.83113142945523
EpiDISH_CBSX_NSCLC_Monocytes,0.10223139805787046,0.10223139805787046,0.224295104612706,0.6301123908299989,1.1076397477623539
EpiDISH_CBSX_NSCLC_T.cells.CD8,0.08795777793924718,0.08795777793924718,0.19297886343309945,0.8230912542630984,1.091942017012699
EpiDISH_CBSX_NSCLC_B.cells,-0.062210423474966504,0.062210423474966504,0.1364893145002248,0.9595805687633232,0.9396851341746149
EpiDISH_CBSX_NSCLC_NKT.cells,-0.018422760368151825,0.018422760368151825,0.04041943123667678,1.0,0.9817459013553272
EpiDISH_CBSX_NSCLC_NK.cells,0.0,0.0,0.0,1.0,1.0
