,coef,abs coef,% total,cum % total,coef OR
CIBERSORTx_CBSX_NSCLC_T_cells_CD4,-0.5589900346130584,0.5589900346130584,0.39328232453717976,0.39328232453717976,0.5717862566553248
CIBERSORTx_CBSX_NSCLC_NK_cells,-0.5270778320052708,0.5270778320052708,0.37083021547341116,0.7641125400105909,0.5903274878002264
CIBERSORTx_CBSX_NSCLC_Monocytes,0.3228598670085008,0.3228598670085008,0.22715088129390718,0.9912634213044981,1.38107180362145
CIBERSORTx_CBSX_NSCLC_NKT_cells,0.006274580543404231,0.006274580543404231,0.004414535982406098,0.9956779572869041,1.0062943069606511
CIBERSORTx_CBSX_NSCLC_T_cells_CD8,-0.006143115657780198,0.006143115657780198,0.004322042713095807,0.9999999999999999,0.9938757146984621
CIBERSORTx_CBSX_NSCLC_B_cells,0.0,0.0,0.0,0.9999999999999999,1.0
