,coef,abs coef,% total,cum % total,coef OR
EpiDISH_CBSX_NSCLC_Monocytes,0.000722186057660045,0.000722186057660045,0.21804866385887559,0.21804866385887559,1.0007224468967986
EpiDISH_CBSX_NSCLC_T.cells.CD8,0.0007073286744426257,0.0007073286744426257,0.21356279415170581,0.43161145801058143,1.000707578890361
EpiDISH_CBSX_NSCLC_NKT.cells,-0.0006794913985572771,0.0006794913985572771,0.20515792293065485,0.6367693809412363,0.9993207394034441
EpiDISH_CBSX_NSCLC_B.cells,-0.0005656971050108744,0.0005656971050108744,0.17080016512104915,0.8075695460622854,0.9994344628714289
EpiDISH_CBSX_NSCLC_NK.cells,0.00034270875600449956,0.00034270875600449956,0.10347359319237218,0.9110431392546575,1.0003427674873593
EpiDISH_CBSX_NSCLC_T.cells.CD4,-0.0002946287467511003,0.0002946287467511003,0.08895686074534243,1.0,0.9997054146520358
