,coef,abs coef,% total,cum % total,coef OR
DeconRNASeq_CBSX_melanoma_Endothelial.cells,-0.0008940358929002854,0.0008940358929002854,0.18106228322555143,0.18106228322555143,0.9991063636381147
DeconRNASeq_CBSX_melanoma_B.cells,-0.0008386116049531005,0.0008386116049531005,0.1698376241245471,0.3508999073500985,0.9991617399314845
DeconRNASeq_CBSX_melanoma_Malignant,0.0007417725360279048,0.0007417725360279048,0.15022554471669264,0.5011254520667912,1.000742047717312
DeconRNASeq_CBSX_melanoma_NK.cells,-0.0006920139353366378,0.0006920139353366378,0.14014831412358694,0.6412737661903781,0.999308225451084
DeconRNASeq_CBSX_melanoma_T.cells.CD4,-0.0004946678205115219,0.0004946678205115219,0.10018130785495538,0.7414550740453335,0.9995054545074434
DeconRNASeq_CBSX_melanoma_Macrophages,0.0004840714866400628,0.0004840714866400628,0.09803531302429748,0.839490387069631,1.0004841886681495
DeconRNASeq_CBSX_melanoma_CAF,-0.0004026098879214163,0.0004026098879214163,0.08153751559096015,0.9210279026605911,0.9995974711485638
DeconRNASeq_CBSX_melanoma_T.cells.CD8,-0.0003899425562368204,0.0003899425562368204,0.0789720973394089,1.0,0.9996101334614806
