,coef,abs coef,% total,cum % total,coef OR
CIBERSORTx_CBSX_NSCLC_T_cells_CD4,-0.5589606465176843,0.5589606465176843,0.39329399318553904,0.39329399318553904,0.5718030606112858
CIBERSORTx_CBSX_NSCLC_NK_cells,-0.5271058128305843,0.5271058128305843,0.37088040321080296,0.764174396396342,0.5903109701810019
CIBERSORTx_CBSX_NSCLC_Monocytes,0.32283951626578394,0.32283951626578394,0.22715524483035474,0.9913296412266968,1.3810436980704865
CIBERSORTx_CBSX_NSCLC_NKT_cells,0.006213685390671594,0.006213685390671594,0.004372052227506075,0.9957016934542028,1.006233030380877
CIBERSORTx_CBSX_NSCLC_T_cells_CD8,-0.006108875923351858,0.006108875923351858,0.004298306545797293,1.0,0.9939097453215847
CIBERSORTx_CBSX_NSCLC_B_cells,0.0,0.0,0.0,1.0,1.0
