,coef,abs coef,% total,cum % total,coef OR
CIBERSORTx_CBSX_melanoma_Malignant,0.08859375901058895,0.08859375901058895,0.40705570264793955,0.40705570264793955,1.0926366923432878
CIBERSORTx_CBSX_melanoma_CAF,-0.07050260323127192,0.07050260323127192,0.3239335029613561,0.7309892056092957,0.9319253135055233
CIBERSORTx_CBSX_melanoma_B_cells,-0.05854893405119525,0.05854893405119525,0.26901079439070436,1.0,0.9431320879965859
CIBERSORTx_CBSX_melanoma_Endothelial_cells,0.0,0.0,0.0,1.0,1.0
CIBERSORTx_CBSX_melanoma_T_cells_CD8,0.0,0.0,0.0,1.0,1.0
CIBERSORTx_CBSX_melanoma_NK_cells,0.0,0.0,0.0,1.0,1.0
CIBERSORTx_CBSX_melanoma_Macrophages,0.0,0.0,0.0,1.0,1.0
CIBERSORTx_CBSX_melanoma_T_cells_CD4,0.0,0.0,0.0,1.0,1.0
