,coef,abs coef,% total,cum % total,coef OR
DeconRNASeq_CBSX_melanoma_Endothelial.cells,-1.5249855057760118,1.5249855057760118,0.24776036952500016,0.24776036952500016,0.21762421113643493
TMB,-1.140085078644225,1.140085078644225,0.18522661317432917,0.43298698269932934,0.31979181320498273
DeconRNASeq_CBSX_melanoma_NK.cells,1.08975980158538,1.08975980158538,0.17705039825732077,0.6100373809566502,2.973559742440106
DeconRNASeq_CBSX_melanoma_T.cells.CD8,-0.9363180283586653,0.9363180283586653,0.15212111841090234,0.7621584993675525,0.39206876707760846
DeconRNASeq_CBSX_melanoma_CAF,0.5388514315109681,0.5388514315109681,0.08754576963818174,0.8497042690057343,1.714037042229106
DeconRNASeq_CBSX_melanoma_T.cells.CD4,0.41768943531813063,0.41768943531813063,0.0678608999555362,0.9175651689612705,1.5184490245288966
DeconRNASeq_CBSX_melanoma_Macrophages,0.2760380846507415,0.2760380846507415,0.04484717893842476,0.9624123478996952,1.3178980547586774
DeconRNASeq_CBSX_melanoma_B.cells,-0.15409923759364844,0.15409923759364844,0.025036096346564833,0.98744844424626,0.8571869516201008
DeconRNASeq_CBSX_melanoma_Malignant,-0.07725586071771505,0.07725586071771505,0.012551555753740014,1.0,0.9256529850679959
