,coef,abs coef,% total,cum % total,coef OR
DeconRNASeq_CBSX_NSCLC_NKT.cells,0.09276488148443636,0.09276488148443636,0.46251437987942673,0.46251437987942673,1.097203732025856
DeconRNASeq_CBSX_NSCLC_NK.cells,0.06366012541945297,0.06366012541945297,0.31740161751152285,0.7799159973909495,1.0657301226223646
DeconRNASeq_CBSX_NSCLC_T.cells.CD4,0.04414147388016613,0.04414147388016613,0.22008400260905045,1.0,1.0451302030549754
DeconRNASeq_CBSX_NSCLC_T.cells.CD8,0.0,0.0,0.0,1.0,1.0
DeconRNASeq_CBSX_NSCLC_Monocytes,0.0,0.0,0.0,1.0,1.0
DeconRNASeq_CBSX_NSCLC_B.cells,0.0,0.0,0.0,1.0,1.0
SEX,0.0,0.0,0.0,1.0,1.0
