,coef,abs coef,% total,cum % total,coef OR
DeconRNASeq_CBSX_melanoma_Endothelial.cells,-1.429475398377121,1.429475398377121,0.28389744705849645,0.28389744705849645,0.239434497028221
DeconRNASeq_CBSX_melanoma_NK.cells,1.1109120159005987,1.1109120159005987,0.22062994968562838,0.5045273967441248,3.0371270398719394
TMB,-0.8150296373966603,0.8150296373966603,0.16186695734436174,0.6663943540884866,0.4426262088784284
DeconRNASeq_CBSX_melanoma_B.cells,-0.5877960404110465,0.5877960404110465,0.11673778748010649,0.783132141568593,0.5555503469639014
DeconRNASeq_CBSX_melanoma_T.cells.CD4,0.5608175424046574,0.5608175424046574,0.1113797892115235,0.8945119307801165,1.7521043345146055
DeconRNASeq_CBSX_melanoma_Macrophages,0.17622702207929944,0.17622702207929944,0.034999134457181814,0.9295110652372983,1.1927087991490528
DeconRNASeq_CBSX_melanoma_Malignant,-0.13320378380258174,0.13320378380258174,0.02645460999400024,0.9559656752312986,0.8752867046801253
DeconRNASeq_CBSX_melanoma_CAF,0.11962340666631098,0.11962340666631098,0.023757512580882177,0.9797231878121808,1.127072323723513
DeconRNASeq_CBSX_melanoma_T.cells.CD8,-0.10209744568089991,0.10209744568089991,0.020276812187819262,1.0,0.9029415596266336
