,coef,abs coef,% total,cum % total,coef OR
DeconRNASeq_CBSX_melanoma_B.cells,-0.9365804797526562,0.9365804797526562,0.27612627851840105,0.27612627851840105,0.3919658815849597
DeconRNASeq_CBSX_melanoma_T.cells.CD8,-0.749551489038439,0.749551489038439,0.22098566829064137,0.4971119468090424,0.4725784618360175
DeconRNASeq_CBSX_melanoma_CAF,0.5537401962652259,0.5537401962652259,0.16325582581130252,0.660367772620345,1.7397478627574143
DeconRNASeq_CBSX_melanoma_Macrophages,-0.4056238861580562,0.4056238861580562,0.11958760254385707,0.779955375164202,0.6665608230364504
DeconRNASeq_CBSX_melanoma_Endothelial.cells,0.3794246252934557,0.3794246252934557,0.11186343515101813,0.8918188103152201,1.4614434698703604
DeconRNASeq_CBSX_melanoma_NK.cells,-0.19291338404866443,0.19291338404866443,0.05687546982381756,0.9486942801390377,0.8245533905225116
SEX,-0.10659144749943772,0.10659144749943772,0.03142570270915983,0.9801199828481975,0.8988928428998103
DeconRNASeq_CBSX_melanoma_T.cells.CD4,-0.041544698370991145,0.041544698370991145,0.012248368614708712,0.9923683514629061,0.9593064549473201
DeconRNASeq_CBSX_melanoma_Malignant,-0.025885450260391202,0.025885450260391202,0.007631648537093831,1.0,0.9744467058322384
