,coef,abs coef,% total,cum % total,coef OR
TMB,-1.35064843593226,1.35064843593226,0.21763940323502176,0.21763940323502176,0.2590722144352891
EpiDISH_CBSX_melanoma_B.cells,-1.2529433141849817,1.2529433141849817,0.20189549547607533,0.41953489871109706,0.2856627630204836
EpiDISH_CBSX_melanoma_NK.cells,1.0489810986317865,1.0489810986317865,0.16902964105049287,0.58856453976159,2.8547409362749647
EpiDISH_CBSX_melanoma_T.cells.CD4,0.6856245360286003,0.6856245360286003,0.11047946371148587,0.6990440034730758,1.98501115948192
EpiDISH_CBSX_melanoma_Endothelial.cells,-0.6813891494569344,0.6813891494569344,0.10979698633143342,0.8088409898045092,0.5059137142380807
EpiDISH_CBSX_melanoma_CAF,0.5829019498970104,0.5829019498970104,0.09392705691955396,0.9027680467240632,1.791228952464639
EpiDISH_CBSX_melanoma_T.cells.CD8,-0.393329736018461,0.393329736018461,0.06337996383386021,0.9661480105579234,0.6748062029870588
EpiDISH_CBSX_melanoma_Macrophages,0.21008207113930724,0.21008207113930724,0.03385198944207666,1.0,1.2337793134756012
EpiDISH_CBSX_melanoma_Malignant,0.0,0.0,0.0,1.0,1.0
