,coef,abs coef,% total,cum % total,coef OR
EpiDISH_CBSX_NSCLC_B.cells,-0.434054664808656,0.434054664808656,0.3057723141278612,0.3057723141278612,0.6478768384539201
EpiDISH_CBSX_NSCLC_T.cells.CD4,-0.3495234936523122,0.3495234936523122,0.24622384266561395,0.5519961567934751,0.7050239580819527
EpiDISH_CBSX_NSCLC_T.cells.CD8,0.26330992901419303,0.26330992901419303,0.18549019940381267,0.7374863561972878,1.3012299453769214
EpiDISH_CBSX_NSCLC_Monocytes,0.14456314793124656,0.14456314793124656,0.10183834402524333,0.839324700222531,1.1555346622832678
EpiDISH_CBSX_NSCLC_NKT.cells,-0.12856456279864284,0.12856456279864284,0.09056804837959156,0.9298927486021226,0.8793567868504762
EpiDISH_CBSX_NSCLC_NK.cells,0.09730207533067553,0.09730207533067553,0.0685450086256297,0.9984377572277523,1.1021932687348999
SEX,0.0022176591258488273,0.0022176591258488273,0.0015622427722473424,0.9999999999999997,1.002220119950602
