,coef,abs coef,% total,cum % total,coef OR
DeconRNASeq_CBSX_NSCLC_T.cells.CD4,1.4352362103740648,1.4352362103740648,0.2809152901225033,0.2809152901225033,4.200637125675927
DeconRNASeq_CBSX_NSCLC_Monocytes,1.2627412507879985,1.2627412507879985,0.2471532715317376,0.5280685616542409,3.5350988097194302
TMB,-0.8211947208887259,0.8211947208887259,0.16073044394929317,0.688799005603534,0.4399057758099878
DeconRNASeq_CBSX_NSCLC_NK.cells,-0.7913230295410345,0.7913230295410345,0.15488373050886267,0.8436827361123966,0.45324474224262945
DeconRNASeq_CBSX_NSCLC_NKT.cells,-0.6564120791096333,0.6564120791096333,0.12847793855127104,0.9721606746636677,0.5187090869334025
DeconRNASeq_CBSX_NSCLC_B.cells,-0.128466838056105,0.128466838056105,0.025144501527205557,0.9973051761908733,0.8794427259651906
DeconRNASeq_CBSX_NSCLC_T.cells.CD8,-0.013768238495491813,0.013768238495491813,0.0026948238091267654,1.0,0.9863261101986815
