,coef,abs coef,% total,cum % total,coef OR
DeconRNASeq_CBSX_melanoma_NK.cells,0.1927077503090829,0.1927077503090829,0.4524497185802681,0.4524497185802681,1.2125283806886376
DeconRNASeq_CBSX_melanoma_T.cells.CD4,0.18201494346494654,0.18201494346494654,0.42734456614242844,0.8797942847226965,1.1996321204064657
DeconRNASeq_CBSX_melanoma_CAF,0.027789306629738452,0.027789306629738452,0.06524524283013917,0.9450395275528357,1.0281790310932233
DeconRNASeq_CBSX_melanoma_B.cells,-0.0161909526715936,0.0161909526715936,0.03801399771446394,0.9830535252672996,0.9839394162552696
AAGE,-0.007217856233076763,0.007217856233076763,0.01694647473270042,1.0,0.9928081299321678
DeconRNASeq_CBSX_melanoma_Malignant,0.0,0.0,0.0,1.0,1.0
DeconRNASeq_CBSX_melanoma_Endothelial.cells,0.0,0.0,0.0,1.0,1.0
DeconRNASeq_CBSX_melanoma_T.cells.CD8,0.0,0.0,0.0,1.0,1.0
DeconRNASeq_CBSX_melanoma_Macrophages,0.0,0.0,0.0,1.0,1.0
