,coef,abs coef,% total,cum % total,coef OR
DeconRNASeq_CBSX_melanoma_Endothelial.cells,1.3018647408365818,1.3018647408365818,0.2570756131343493,0.2570756131343493,3.6761453384704437
DeconRNASeq_CBSX_melanoma_NK.cells,-1.056129526668448,1.056129526668448,0.20855096316927013,0.4656265763036194,0.34779935670745643
DeconRNASeq_CBSX_melanoma_B.cells,-0.7774237569590874,0.7774237569590874,0.1535157092103426,0.619142285513962,0.4595884991357663
DeconRNASeq_CBSX_melanoma_Macrophages,0.6056387893725345,0.6056387893725345,0.11959380896654388,0.7387360944805059,1.832422367037745
DeconRNASeq_CBSX_melanoma_T.cells.CD4,-0.41173778717986703,0.41173778717986703,0.08130471681860474,0.8200408112991107,0.662497968739618
DeconRNASeq_CBSX_melanoma_CAF,0.3198228113258426,0.3198228113258426,0.06315452192299822,0.8831953332221089,1.3768837745100042
AAGE,-0.2961558285397395,0.2961558285397395,0.05848106859107387,0.9416764018131827,0.7436715337414472
DeconRNASeq_CBSX_melanoma_T.cells.CD8,-0.18698567444525724,0.18698567444525724,0.036923541591935866,0.9785999434051186,0.8294556187121658
DeconRNASeq_CBSX_melanoma_Malignant,-0.10837270324129711,0.10837270324129711,0.021400056594881308,0.9999999999999999,0.8972931100517182
