,coef,abs coef,% total,cum % total,coef OR
EpiDISH_CBSX_melanoma_B.cells,-1.5167476516617127,1.5167476516617127,0.3641639337366932,0.3641639337366932,0.21942437219135733
EpiDISH_CBSX_melanoma_NK.cells,1.4023753828058068,1.4023753828058068,0.3367036932073432,0.7008676269440364,4.064844068802318
EpiDISH_CBSX_melanoma_Macrophages,0.5194515049925428,0.5194515049925428,0.1247178482434337,0.82558547518747,1.681105318900664
EpiDISH_CBSX_melanoma_Malignant,0.26835381923972024,0.26835381923972024,0.06443048211779796,0.8900159573052681,1.307809786427841
EpiDISH_CBSX_melanoma_CAF,-0.17564422144178182,0.17564422144178182,0.042171346399172895,0.9321873037044409,0.8389163987158303
EpiDISH_CBSX_melanoma_Endothelial.cells,0.10404570278596466,0.10404570278596466,0.024980880882475517,0.9571681845869164,1.1096511679065335
EpiDISH_CBSX_melanoma_T.cells.CD4,-0.09801022863710747,0.09801022863710747,0.023531792099904476,0.980699976686821,0.9066396300187295
EpiDISH_CBSX_melanoma_T.cells.CD8,-0.07851876383774864,0.07851876383774864,0.01885198363746954,0.9995519603242905,0.9244847128876513
SEX,-0.0018660912381157687,0.0018660912381157687,0.0004480396757096023,1.0,0.9981356488275966
