,coef,abs coef,% total,cum % total,coef OR
DeconRNASeq_CBSX_NSCLC_NKT.cells,0.24200092846108665,0.24200092846108665,0.32812938984792905,0.32812938984792905,1.2737953754850844
DeconRNASeq_CBSX_NSCLC_NK.cells,0.16397344854693807,0.16397344854693807,0.22233182312612185,0.5504612129740509,1.178183032205943
DeconRNASeq_CBSX_NSCLC_T.cells.CD8,0.15527543613908856,0.15527543613908856,0.2105381762073816,0.7609993891814325,1.1679796206019992
DeconRNASeq_CBSX_NSCLC_T.cells.CD4,0.10254024376416103,0.10254024376416103,0.13903445674838547,0.9000338459298179,1.1079818903744858
AAGE,-0.05049709944024108,0.05049709944024108,0.06846908618815845,0.9685029321179763,0.9507566863949125
DeconRNASeq_CBSX_NSCLC_Monocytes,-0.02322961583777702,0.02322961583777702,0.03149706788202352,0.9999999999999999,0.9770381145896823
DeconRNASeq_CBSX_NSCLC_B.cells,0.0,0.0,0.0,0.9999999999999999,1.0
