,coef,abs coef,% total,cum % total,coef OR
EpiDISH_CBSX_NSCLC_NKT.cells,0.46208516320737786,0.46208516320737786,0.25645286995283356,0.25645286995283356,1.5873804838826415
EpiDISH_CBSX_NSCLC_B.cells,-0.38622804890085494,0.38622804890085494,0.214352893110432,0.4708057630632656,0.6796155224339379
EpiDISH_CBSX_NSCLC_T.cells.CD8,0.3173334656263397,0.3173334656263397,0.17611705475908324,0.6469228178223488,1.3734604974350368
EpiDISH_CBSX_NSCLC_Monocytes,-0.26315475318948434,0.26315475318948434,0.14604838473657214,0.792971202558921,0.768622941255313
EpiDISH_CBSX_NSCLC_NK.cells,0.25729856680968255,0.25729856680968255,0.14279825700328921,0.9357694595622101,1.2934312447557665
AAGE,-0.1157326871270845,0.1157326871270845,0.0642305404377898,0.9999999999999999,0.8907132906054828
EpiDISH_CBSX_NSCLC_T.cells.CD4,0.0,0.0,0.0,0.9999999999999999,1.0
