,coef,abs coef,% total,cum % total,coef OR
TMB,-1.0888054819252349,1.0888054819252349,0.28913198265297013,0.28913198265297013,0.336618350350229
EpiDISH_CBSX_NSCLC_T.cells.CD4,-0.744177337052928,0.744177337052928,0.197616077875603,0.4867480605285731,0.4751250069462307
EpiDISH_CBSX_NSCLC_B.cells,-0.690063348586452,0.690063348586452,0.1832461237981248,0.6699941843266979,0.5015442959374841
EpiDISH_CBSX_NSCLC_NKT.cells,-0.6358722833155325,0.6358722833155325,0.16885570199738906,0.838849886324087,0.5294734359823691
EpiDISH_CBSX_NSCLC_T.cells.CD8,0.5123892818334614,0.5123892818334614,0.13606482645980386,0.9749147127838909,1.6692748020303225
EpiDISH_CBSX_NSCLC_Monocytes,0.08540767138472402,0.08540767138472402,0.02267998257831537,0.9975946953622062,1.0891609959750355
EpiDISH_CBSX_NSCLC_NK.cells,0.009057831829257023,0.009057831829257023,0.0024053046377939665,1.0000000000000002,1.0090989781262307
