,coef,abs coef,% total,cum % total,coef OR
CIBERSORTx_CBSX_NSCLC_T_cells_CD4,-1.411777346055518,1.411777346055518,0.3350251018482909,0.3350251018482909,0.24370974144309585
TMB,-0.9787263075017354,0.9787263075017354,0.23225891941708207,0.5672840212653729,0.3757894343440196
CIBERSORTx_CBSX_NSCLC_NK_cells,-0.45707201243349127,0.45707201243349127,0.10846653542456818,0.6757505566899411,0.633134744847364
CIBERSORTx_CBSX_NSCLC_B_cells,-0.42487466756341147,0.42487466756341147,0.10082586972435596,0.776576426414297,0.6538517288249798
CIBERSORTx_CBSX_NSCLC_NKT_cells,0.41536085115093824,0.41536085115093824,0.09856817142549867,0.8751445978397957,1.5149173017244322
CIBERSORTx_CBSX_NSCLC_T_cells_CD8,0.40877933060690874,0.40877933060690874,0.0970063284077305,0.9721509262475262,1.5049795809096542
CIBERSORTx_CBSX_NSCLC_Monocytes,0.11735446453255749,0.11735446453255749,0.027849073752473703,0.9999999999999999,1.1245179607871176
