,coef,abs coef,% total,cum % total,coef OR
TMB,-0.6028861740788282,0.6028861740788282,0.6228529973530973,0.6228529973530973,0.547229953778973
DeconRNASeq_CBSX_NSCLC_T.cells.CD8,0.3650567862037409,0.3650567862037409,0.37714700264690265,1.0,1.4405958117938127
DeconRNASeq_CBSX_NSCLC_Monocytes,0.0,0.0,0.0,1.0,1.0
DeconRNASeq_CBSX_NSCLC_T.cells.CD4,0.0,0.0,0.0,1.0,1.0
DeconRNASeq_CBSX_NSCLC_NKT.cells,0.0,0.0,0.0,1.0,1.0
DeconRNASeq_CBSX_NSCLC_B.cells,0.0,0.0,0.0,1.0,1.0
DeconRNASeq_CBSX_NSCLC_NK.cells,0.0,0.0,0.0,1.0,1.0
