,coef,abs coef,% total,cum % total,coef OR
EpiDISH_CBSX_NSCLC_T.cells.CD8,0.23764935151369349,0.23764935151369349,0.4035006452881417,0.4035006452881417,1.2682643998544318
EpiDISH_CBSX_NSCLC_B.cells,-0.1432877262521433,0.1432877262521433,0.24328570491082954,0.6467863501989712,0.8665047168699979
EpiDISH_CBSX_NSCLC_Monocytes,0.13535406223178037,0.13535406223178037,0.22981527660405882,0.8766016268030301,1.1449420933476064
EpiDISH_CBSX_NSCLC_T.cells.CD4,-0.06574142784377439,0.06574142784377439,0.11162121162193994,0.98822283842497,0.9363729529650544
EpiDISH_CBSX_NSCLC_NK.cells,0.0069363824907373575,0.0069363824907373575,0.011777161575030098,1.0000000000000002,1.0069604949105142
EpiDISH_CBSX_NSCLC_NKT.cells,0.0,0.0,0.0,1.0000000000000002,1.0
AAGE,0.0,0.0,0.0,1.0000000000000002,1.0
