,coef,abs coef,% total,cum % total,coef OR
CIBERSORTx_CBSX_melanoma_B_cells,-0.08706894187182335,0.08706894187182335,0.38319546291733303,0.38319546291733303,0.9166139003767464
CIBERSORTx_CBSX_melanoma_T_cells_CD4,-0.08688937572305942,0.08688937572305942,0.3824051818823209,0.765600644799654,0.9167785079832752
CIBERSORTx_CBSX_melanoma_Macrophages,0.05325977420858614,0.05325977420858614,0.234399355200346,1.0,1.0547035943268552
CIBERSORTx_CBSX_melanoma_Malignant,0.0,0.0,0.0,1.0,1.0
CIBERSORTx_CBSX_melanoma_Endothelial_cells,0.0,0.0,0.0,1.0,1.0
CIBERSORTx_CBSX_melanoma_CAF,0.0,0.0,0.0,1.0,1.0
CIBERSORTx_CBSX_melanoma_T_cells_CD8,0.0,0.0,0.0,1.0,1.0
CIBERSORTx_CBSX_melanoma_NK_cells,0.0,0.0,0.0,1.0,1.0
SEX,0.0,0.0,0.0,1.0,1.0
