,coef,abs coef,% total,cum % total,coef OR
DeconRNASeq_CBSX_NSCLC_NK.cells,0.41933927025692963,0.41933927025692963,0.8696247526148903,0.8696247526148903,1.5209562824945255
DeconRNASeq_CBSX_NSCLC_T.cells.CD8,-0.06286787598173346,0.06286787598173346,0.13037524738510967,0.9999999999999999,0.9390675388696168
DeconRNASeq_CBSX_NSCLC_Monocytes,0.0,0.0,0.0,0.9999999999999999,1.0
DeconRNASeq_CBSX_NSCLC_T.cells.CD4,0.0,0.0,0.0,0.9999999999999999,1.0
DeconRNASeq_CBSX_NSCLC_NKT.cells,0.0,0.0,0.0,0.9999999999999999,1.0
DeconRNASeq_CBSX_NSCLC_B.cells,0.0,0.0,0.0,0.9999999999999999,1.0
SEX,0.0,0.0,0.0,0.9999999999999999,1.0
