,coef,abs coef,% total,cum % total,coef OR
EpiDISH_CBSX_melanoma_NK.cells,1.9436888317814642,1.9436888317814642,0.3587121657340043,0.3587121657340043,6.984468036179372
EpiDISH_CBSX_melanoma_B.cells,-1.8746112394053709,1.8746112394053709,0.34596373997790814,0.7046759057119124,0.15341459680316644
EpiDISH_CBSX_melanoma_Macrophages,0.5403246795648435,0.5403246795648435,0.09971814049504653,0.804394046206959,1.716564105003924
AAGE,0.3742668407419859,0.3742668407419859,0.06907179112714894,0.8734658373341079,1.453925065142004
EpiDISH_CBSX_melanoma_CAF,-0.2383815223458621,0.2383815223458621,0.04399384857980568,0.9174596859139136,0.787902031511871
EpiDISH_CBSX_melanoma_Malignant,0.23151595841964723,0.23151595841964723,0.04272679324425561,0.9601864791581692,1.2605094421557517
EpiDISH_CBSX_melanoma_T.cells.CD8,-0.10451564754833931,0.10451564754833931,0.01928859891158335,0.9794750780697525,0.9007607025999728
EpiDISH_CBSX_melanoma_T.cells.CD4,-0.06996740837464409,0.06996740837464409,0.012912643309197119,0.9923877213789497,0.9324242086312171
EpiDISH_CBSX_melanoma_Endothelial.cells,0.041247279444422566,0.041247279444422566,0.007612278621050414,1.0000000000000002,1.0421097660110648
