,coef,abs coef,% total,cum % total,coef OR
CIBERSORTx_CBSX_melanoma_T_cells_CD4,1.4451496951976595,1.4451496951976595,0.2533896748800181,0.2533896748800181,4.242487175244863
CIBERSORTx_CBSX_melanoma_Endothelial_cells,-1.356909974500697,1.356909974500697,0.23791789765637983,0.49130757253639795,0.2574550918936962
CIBERSORTx_CBSX_melanoma_B_cells,-0.9472801465125013,0.9472801465125013,0.16609421788119225,0.6574017904175902,0.3877943341519586
TMB,-0.7563489315177631,0.7563489315177631,0.13261671817805845,0.7900185085956486,0.4693770300259068
CIBERSORTx_CBSX_melanoma_T_cells_CD8,0.42084717631048574,0.42084717631048574,0.07379050733211569,0.8638090159277643,1.523251471710053
CIBERSORTx_CBSX_melanoma_CAF,0.32545399172897205,0.32545399172897205,0.05706445597065223,0.9208734718984165,1.3846591270984905
CIBERSORTx_CBSX_melanoma_NK_cells,-0.2911954604141121,0.2911954604141121,0.05105763318918807,0.9719311050876046,0.7473695825725136
CIBERSORTx_CBSX_melanoma_Malignant,-0.0804441892396521,0.0804441892396521,0.014104924233910679,0.9860360293215152,0.9227063990924527
CIBERSORTx_CBSX_melanoma_Macrophages,-0.07964029307554375,0.07964029307554375,0.013963970678484818,1.0,0.9234484574562546
