,coef,abs coef,% total,cum % total,coef OR
CIBERSORTx_CBSX_NSCLC_NK_cells,-0.3335644899122539,0.3335644899122539,0.712691878464203,0.712691878464203,0.7163656987892117
CIBERSORTx_CBSX_NSCLC_NKT_cells,0.11907008977561324,0.11907008977561324,0.2544044360759327,0.9670963145401357,1.1264488680699372
CIBERSORTx_CBSX_NSCLC_T_cells_CD4,-0.015400064724049166,0.015400064724049166,0.032903685459864385,1.0,0.9847179098907373
CIBERSORTx_CBSX_NSCLC_T_cells_CD8,0.0,0.0,0.0,1.0,1.0
CIBERSORTx_CBSX_NSCLC_Monocytes,0.0,0.0,0.0,1.0,1.0
CIBERSORTx_CBSX_NSCLC_B_cells,0.0,0.0,0.0,1.0,1.0
SEX,0.0,0.0,0.0,1.0,1.0
