,coef,abs coef,% total,cum % total,coef OR
DeconRNASeq_CBSX_melanoma_NK.cells,0.2910830400867364,0.2910830400867364,0.32310022218172363,0.32310022218172363,1.3378756766496291
DeconRNASeq_CBSX_melanoma_T.cells.CD4,0.2717202536145501,0.2717202536145501,0.3016076590651763,0.6247078812468999,1.3122198611973572
DeconRNASeq_CBSX_melanoma_B.cells,-0.13176326263695848,0.13176326263695848,0.14625633778149472,0.7709642190283946,0.8765484822946926
DeconRNASeq_CBSX_melanoma_CAF,0.10111070351759227,0.10111070351759227,0.11223220274788194,0.8831964217762766,1.106399117258206
SEX,0.09167948112740898,0.09167948112740898,0.10176360915065463,0.9849600309269312,1.0960134727741448
DeconRNASeq_CBSX_melanoma_T.cells.CD8,-0.013549603559656691,0.013549603559656691,0.015039969073068761,1.0,0.9865417791200186
DeconRNASeq_CBSX_melanoma_Malignant,0.0,0.0,0.0,1.0,1.0
DeconRNASeq_CBSX_melanoma_Endothelial.cells,0.0,0.0,0.0,1.0,1.0
DeconRNASeq_CBSX_melanoma_Macrophages,0.0,0.0,0.0,1.0,1.0
