,coef,abs coef,% total,cum % total,coef OR
DeconRNASeq_CBSX_melanoma_Endothelial.cells,-0.9320329663341488,0.9320329663341488,0.33051844317664836,0.33051844317664836,0.39375241074496214
DeconRNASeq_CBSX_melanoma_B.cells,-0.7150154765904998,0.7150154765904998,0.25355948845823834,0.5840779316348867,0.48918454082892804
DeconRNASeq_CBSX_melanoma_NK.cells,0.49294019723061516,0.49294019723061516,0.17480693543348486,0.7588848670683717,1.6371226139954933
DeconRNASeq_CBSX_melanoma_CAF,0.3153685302430888,0.3153685302430888,0.11183629700656263,0.8707211640749343,1.370764386015959
DeconRNASeq_CBSX_melanoma_T.cells.CD4,0.2884176545975954,0.2884176545975954,0.10227895109461303,0.9730001151695473,1.3343144703369443
DeconRNASeq_CBSX_melanoma_Macrophages,0.07435643446967179,0.07435643446967179,0.026368351602137897,0.9993684667716852,1.0771906849687498
DeconRNASeq_CBSX_melanoma_T.cells.CD8,-0.001780868209555087,0.001780868209555087,0.0006315332283149161,1.0000000000000002,0.998220716595319
DeconRNASeq_CBSX_melanoma_Malignant,0.0,0.0,0.0,1.0000000000000002,1.0
