,coef,abs coef,% total,cum % total,coef OR
CIBERSORTx_CBSX_NSCLC_NK_cells,-0.6048376209624613,0.6048376209624613,0.5063926150970857,0.5063926150970857,0.5461631048790804
CIBERSORTx_CBSX_NSCLC_T_cells_CD4,-0.4392772568829044,0.4392772568829044,0.3677793033304293,0.874171918427515,0.6445020622228331
CIBERSORTx_CBSX_NSCLC_Monocytes,0.15028962753333475,0.15028962753333475,0.125828081572485,1.0,1.1621707906485679
CIBERSORTx_CBSX_NSCLC_T_cells_CD8,0.0,0.0,0.0,1.0,1.0
CIBERSORTx_CBSX_NSCLC_NKT_cells,0.0,0.0,0.0,1.0,1.0
CIBERSORTx_CBSX_NSCLC_B_cells,0.0,0.0,0.0,1.0,1.0
