,coef,abs coef,% total,cum % total,coef OR
EpiDISH_CBSX_NSCLC_T.cells.CD4,-0.4866638468451737,0.4866638468451737,0.5791067703390658,0.5791067703390658,0.614673622697245
EpiDISH_CBSX_NSCLC_B.cells,-0.16679883595567557,0.16679883595567557,0.19848266069646478,0.7775894310355306,0.8463698533960271
EpiDISH_CBSX_NSCLC_Monocytes,0.10674375952801309,0.10674375952801309,0.1270199835776656,0.9046094146131962,1.1126491122147217
EpiDISH_CBSX_NSCLC_T.cells.CD8,0.08016336816434444,0.08016336816434444,0.09539058538680388,1.0,1.0834640567514593
EpiDISH_CBSX_NSCLC_NKT.cells,0.0,0.0,0.0,1.0,1.0
EpiDISH_CBSX_NSCLC_NK.cells,0.0,0.0,0.0,1.0,1.0
