,coef,abs coef,% total,cum % total,coef OR
EpiDISH_CBSX_NSCLC_T.cells.CD4,-0.25518113614140503,0.25518113614140503,0.5590215581349246,0.5590215581349246,0.7747761452885836
EpiDISH_CBSX_NSCLC_T.cells.CD8,0.09282957300993573,0.09282957300993573,0.20336037894375483,0.7623819370786794,1.0972747141050092
EpiDISH_CBSX_NSCLC_B.cells,-0.07224949037334627,0.07224949037334627,0.1582758948944457,0.9206578319731251,0.9302987662688468
EpiDISH_CBSX_NSCLC_NK.cells,0.036217967422525595,0.036217967422525595,0.0793421680268749,1.0,1.0368818283212733
EpiDISH_CBSX_NSCLC_Monocytes,0.0,0.0,0.0,1.0,1.0
EpiDISH_CBSX_NSCLC_NKT.cells,0.0,0.0,0.0,1.0,1.0
