,coef,abs coef,% total,cum % total,coef OR
CIBERSORTx_CBSX_NSCLC_T_cells_CD4,-0.38831523375934723,0.38831523375934723,0.33943720699027446,0.33943720699027446,0.678198518494913
CIBERSORTx_CBSX_NSCLC_Monocytes,0.30970732223334024,0.30970732223334024,0.2707238328653168,0.6101610398555912,1.3630261283047542
CIBERSORTx_CBSX_NSCLC_T_cells_CD8,-0.22538759364827124,0.22538759364827124,0.19701759968974317,0.8071786395453344,0.7982067789172769
CIBERSORTx_CBSX_NSCLC_NK_cells,-0.1557278721332895,0.1557278721332895,0.13612608873393184,0.9433047282792663,0.8557920435498211
CIBERSORTx_CBSX_NSCLC_NKT_cells,-0.06485923533985855,0.06485923533985855,0.05669527172073389,1.0000000000000002,0.9371993786447014
CIBERSORTx_CBSX_NSCLC_B_cells,0.0,0.0,0.0,1.0000000000000002,1.0
