,coef,abs coef,% total,cum % total,coef OR
EpiDISH_CBSX_melanoma_T.cells.CD8,-0.33287684733621986,0.33287684733621986,0.5154878888787706,0.5154878888787706,0.7168584717501263
EpiDISH_CBSX_melanoma_B.cells,-0.1962358020211676,0.1962358020211676,0.3038876993573272,0.8193755882360978,0.8218184253830347
EpiDISH_CBSX_melanoma_NK.cells,0.11663840419355993,0.11663840419355993,0.18062441176390212,0.9999999999999999,1.123713026300132
EpiDISH_CBSX_melanoma_Malignant,0.0,0.0,0.0,0.9999999999999999,1.0
EpiDISH_CBSX_melanoma_Endothelial.cells,0.0,0.0,0.0,0.9999999999999999,1.0
EpiDISH_CBSX_melanoma_CAF,0.0,0.0,0.0,0.9999999999999999,1.0
EpiDISH_CBSX_melanoma_Macrophages,0.0,0.0,0.0,0.9999999999999999,1.0
EpiDISH_CBSX_melanoma_T.cells.CD4,0.0,0.0,0.0,0.9999999999999999,1.0
