,coef,abs coef,% total,cum % total,coef OR
DeconRNASeq_CBSX_melanoma_B.cells,-1.03432866105049,1.03432866105049,0.44067866932701183,0.44067866932701183,0.3554649382978282
DeconRNASeq_CBSX_melanoma_Endothelial.cells,-0.4648681580154269,0.4648681580154269,0.19805840155166834,0.6387370708786801,0.6282179252279482
DeconRNASeq_CBSX_melanoma_NK.cells,0.41764492546652243,0.41764492546652243,0.17793880894573993,0.81667587982442,1.5183814400922382
DeconRNASeq_CBSX_melanoma_T.cells.CD8,-0.22428872077823434,0.22428872077823434,0.09555884772372682,0.9122347275481468,0.7990843887938395
DeconRNASeq_CBSX_melanoma_Macrophages,0.13480332897576425,0.13480332897576425,0.05743334190658321,0.96966806945473,1.1443117092632602
DeconRNASeq_CBSX_melanoma_CAF,0.07119288336755102,0.07119288336755102,0.030331930545269958,1.0,1.073788321802581
DeconRNASeq_CBSX_melanoma_Malignant,0.0,0.0,0.0,1.0,1.0
DeconRNASeq_CBSX_melanoma_T.cells.CD4,0.0,0.0,0.0,1.0,1.0
