,coef,abs coef,% total,cum % total,coef OR
CIBERSORTx_CBSX_melanoma_B_cells,-2.041297826756405,2.041297826756405,0.2698716554752596,0.2698716554752596,0.12986006559819713
CIBERSORTx_CBSX_melanoma_T_cells_CD4,1.3734055417749667,1.3734055417749667,0.18157234203626876,0.45144399751152836,3.9487755431280083
CIBERSORTx_CBSX_melanoma_Endothelial_cells,-0.9859838932312895,0.9859838932312895,0.1303529068862439,0.5817969043977722,0.37307198330286845
CIBERSORTx_CBSX_melanoma_CAF,0.892966618005084,0.892966618005084,0.11805547251676642,0.6998523769145386,2.442364476934081
CIBERSORTx_CBSX_melanoma_T_cells_CD8,0.8117949430259956,0.8117949430259956,0.10732409661601679,0.8071764735305554,2.2519464767857906
CIBERSORTx_CBSX_melanoma_Macrophages,-0.7942900196733986,0.7942900196733986,0.10500984213427886,0.9121863156648343,0.45190196255693243
CIBERSORTx_CBSX_melanoma_NK_cells,0.45871060029546834,0.45871060029546834,0.06064425654265922,0.9728305722074936,1.582032796702862
TMB,-0.20550840661420608,0.20550840661420608,0.027169427792506497,1.0,0.8142332495935791
CIBERSORTx_CBSX_melanoma_Malignant,0.0,0.0,0.0,1.0,1.0
