,coef,abs coef,% total,cum % total,coef OR
DeconRNASeq_CBSX_melanoma_Endothelial.cells,-1.6733543630036019,1.6733543630036019,0.38799095335440187,0.38799095335440187,0.18761667451764233
DeconRNASeq_CBSX_melanoma_NK.cells,0.9206089303382615,0.9206089303382615,0.21345624360603493,0.6014471969604368,2.510818838294297
DeconRNASeq_CBSX_melanoma_T.cells.CD4,0.4857574783562518,0.4857574783562518,0.11262976407948488,0.7140769610399217,1.6254057523321237
DeconRNASeq_CBSX_melanoma_B.cells,-0.411690513315761,0.411690513315761,0.09545628725145373,0.8095332482913754,0.6625292883188556
TMB,-0.3904287633238236,0.3904287633238236,0.09052644881929554,0.9000596971106709,0.6767666395677303
DeconRNASeq_CBSX_melanoma_CAF,0.28883530473055563,0.28883530473055563,0.06697056387008461,0.9670302609807555,1.3348718633424204
DeconRNASeq_CBSX_melanoma_Malignant,-0.08765541915031182,0.08765541915031182,0.020324152728632753,0.9873544137093883,0.9160764847574576
DeconRNASeq_CBSX_melanoma_T.cells.CD8,0.0545387638788702,0.0545387638788702,0.012645586290611608,0.9999999999999999,1.0560534123468586
DeconRNASeq_CBSX_melanoma_Macrophages,0.0,0.0,0.0,0.9999999999999999,1.0
