,coef,abs coef,% total,cum % total,coef OR
TMB,-1.1996971005320924,1.1996971005320924,0.44844443022079095,0.44844443022079095,0.30128545729711875
DeconRNASeq_CBSX_NSCLC_T.cells.CD8,0.6957575024005057,0.6957575024005057,0.2600727938722638,0.7085172240930547,2.005227463393823
DeconRNASeq_CBSX_NSCLC_B.cells,-0.2997282346517295,0.2997282346517295,0.11203782800663925,0.820555052099694,0.7410195767630301
DeconRNASeq_CBSX_NSCLC_Monocytes,0.22126326236192165,0.22126326236192165,0.08270777479972,0.9032628268994141,1.2476518471044356
DeconRNASeq_CBSX_NSCLC_NKT.cells,-0.14270233933087814,0.14270233933087814,0.05334185539335456,0.9566046822927686,0.867012105893428
DeconRNASeq_CBSX_NSCLC_T.cells.CD4,0.11609295003263245,0.11609295003263245,0.04339531770723151,1.0000000000000002,1.1231002594875445
DeconRNASeq_CBSX_NSCLC_NK.cells,0.0,0.0,0.0,1.0000000000000002,1.0
