,coef,abs coef,% total,cum % total,coef OR
EpiDISH_CBSX_NSCLC_T.cells.CD4,-1.8421096339770946,1.8421096339770946,0.6385390852838192,0.6385390852838192,0.1584827326331439
EpiDISH_CBSX_NSCLC_NKT.cells,-0.4458446479692323,0.4458446479692323,0.15454521731061088,0.7930843025944301,0.6402832336362801
EpiDISH_CBSX_NSCLC_Monocytes,0.23728723293496623,0.23728723293496623,0.0822519842864607,0.8753362868808908,1.26780522089614
EpiDISH_CBSX_NSCLC_B.cells,-0.15479934287597746,0.15479934287597746,0.0536588208320461,0.9289951077129369,0.8565870405322925
EpiDISH_CBSX_NSCLC_NK.cells,-0.15167225373233678,0.15167225373233678,0.052574863284378166,0.9815699709973151,0.8592698570843801
EpiDISH_CBSX_NSCLC_T.cells.CD8,0.05316845086347864,0.05316845086347864,0.01843002900268502,1.0000000000000002,1.0546072796644799
