,coef,abs coef,% total,cum % total,coef OR
EpiDISH_CBSX_melanoma_T.cells.CD8,-0.3330702266518465,0.3330702266518465,0.515679588782017,0.515679588782017,0.716719859552256
EpiDISH_CBSX_melanoma_B.cells,-0.1961951067342221,0.1961951067342221,0.30376120068967655,0.8194407894716935,0.8218518702001913
EpiDISH_CBSX_melanoma_NK.cells,0.11662066617137878,0.11662066617137878,0.18055921052830642,1.0,1.1236930940303262
EpiDISH_CBSX_melanoma_Malignant,0.0,0.0,0.0,1.0,1.0
EpiDISH_CBSX_melanoma_Endothelial.cells,0.0,0.0,0.0,1.0,1.0
EpiDISH_CBSX_melanoma_CAF,0.0,0.0,0.0,1.0,1.0
EpiDISH_CBSX_melanoma_Macrophages,0.0,0.0,0.0,1.0,1.0
EpiDISH_CBSX_melanoma_T.cells.CD4,0.0,0.0,0.0,1.0,1.0
