,coef,abs coef,% total,cum % total,coef OR
DeconRNASeq_CBSX_melanoma_B.cells,-2.0990450200665864,2.0990450200665864,0.3792398469742775,0.3792398469742775,0.1225734275417757
DeconRNASeq_CBSX_melanoma_Endothelial.cells,-1.5375828047980677,1.5375828047980677,0.27779902861892974,0.6570388755932073,0.21489992919811307
DeconRNASeq_CBSX_melanoma_NK.cells,0.9193458925025827,0.9193458925025827,0.16610058014765686,0.8231394557408641,2.507649580970269
DeconRNASeq_CBSX_melanoma_T.cells.CD4,0.4614728832693136,0.4614728832693136,0.08337548931098268,0.9065149450518468,1.5864088601415014
DeconRNASeq_CBSX_melanoma_CAF,0.4302980977155569,0.4302980977155569,0.07774306085430881,0.9842580059061556,1.537715844813141
DeconRNASeq_CBSX_melanoma_Macrophages,0.061164746539663015,0.061164746539663015,0.011050791620079896,0.9953087975262356,1.0630740375304055
DeconRNASeq_CBSX_melanoma_Malignant,0.023267771990222317,0.023267771990222317,0.0042038480378683695,0.9995126455641039,1.0235405783533609
DeconRNASeq_CBSX_melanoma_T.cells.CD8,-0.0026974457189474555,0.0026974457189474555,0.0004873544358960923,1.0,0.9973061891187622
