,coef,abs coef,% total,cum % total,coef OR
CIBERSORTx_CBSX_melanoma_CAF,0.19757864378556603,0.19757864378556603,0.5493012311518599,0.5493012311518599,1.2184488846345856
CIBERSORTx_CBSX_melanoma_T_cells_CD4,-0.08263001911918948,0.08263001911918948,0.22972508750254086,0.7790263186544008,0.920691722547523
CIBERSORTx_CBSX_melanoma_B_cells,-0.07948221812832085,0.07948221812832085,0.22097368134559922,1.0,0.9235944430604593
CIBERSORTx_CBSX_melanoma_Malignant,0.0,0.0,0.0,1.0,1.0
CIBERSORTx_CBSX_melanoma_Endothelial_cells,0.0,0.0,0.0,1.0,1.0
CIBERSORTx_CBSX_melanoma_T_cells_CD8,0.0,0.0,0.0,1.0,1.0
CIBERSORTx_CBSX_melanoma_NK_cells,0.0,0.0,0.0,1.0,1.0
CIBERSORTx_CBSX_melanoma_Macrophages,0.0,0.0,0.0,1.0,1.0
