,coef,abs coef,% total,cum % total,coef OR
DeconRNASeq_CBSX_NSCLC_T.cells.CD8,-0.26358053314167434,0.26358053314167434,0.9542072074582933,0.9542072074582933,0.7682957466775222
DeconRNASeq_CBSX_NSCLC_NKT.cells,-0.01264933714380548,0.01264933714380548,0.04579279254170651,0.9999999999999999,0.9874303294575957
DeconRNASeq_CBSX_NSCLC_Monocytes,0.0,0.0,0.0,0.9999999999999999,1.0
DeconRNASeq_CBSX_NSCLC_T.cells.CD4,0.0,0.0,0.0,0.9999999999999999,1.0
DeconRNASeq_CBSX_NSCLC_B.cells,0.0,0.0,0.0,0.9999999999999999,1.0
DeconRNASeq_CBSX_NSCLC_NK.cells,0.0,0.0,0.0,0.9999999999999999,1.0
