,coef,abs coef,% total,cum % total,coef OR
DeconRNASeq_CBSX_NSCLC_T.cells.CD8,-0.26353181828881184,0.26353181828881184,0.9542542635387715,0.9542542635387715,0.7683331750034267
DeconRNASeq_CBSX_NSCLC_NKT.cells,-0.012633380398932357,0.012633380398932357,0.045745736461228516,1.0,0.9874460857571522
DeconRNASeq_CBSX_NSCLC_Monocytes,0.0,0.0,0.0,1.0,1.0
DeconRNASeq_CBSX_NSCLC_T.cells.CD4,0.0,0.0,0.0,1.0,1.0
DeconRNASeq_CBSX_NSCLC_B.cells,0.0,0.0,0.0,1.0,1.0
DeconRNASeq_CBSX_NSCLC_NK.cells,0.0,0.0,0.0,1.0,1.0
