,coef,abs coef,% total,cum % total,coef OR
CIBERSORTx_CBSX_NSCLC_NK_cells,-0.4047009776307163,0.4047009776307163,0.5471287593073577,0.5471287593073577,0.6671762816663451
CIBERSORTx_CBSX_NSCLC_T_cells_CD4,-0.2702151717923016,0.2702151717923016,0.3653129096803186,0.9124416689876763,0.7632152542733985
CIBERSORTx_CBSX_NSCLC_Monocytes,0.0647652706197723,0.0647652706197723,0.08755833101232376,1.0,1.0669085602045953
CIBERSORTx_CBSX_NSCLC_T_cells_CD8,0.0,0.0,0.0,1.0,1.0
CIBERSORTx_CBSX_NSCLC_NKT_cells,0.0,0.0,0.0,1.0,1.0
CIBERSORTx_CBSX_NSCLC_B_cells,0.0,0.0,0.0,1.0,1.0
