,coef,abs coef,% total,cum % total,coef OR
EpiDISH_CBSX_melanoma_B.cells,-2.0048449547478686,2.0048449547478686,0.6950846062334751,0.6950846062334751,0.13468117575363917
EpiDISH_CBSX_melanoma_CAF,0.23532661864162832,0.23532661864162832,0.08158830919438474,0.7766729154278599,1.2653219789941328
EpiDISH_CBSX_melanoma_NK.cells,0.2015005058189215,0.2015005058189215,0.06986071387281177,0.8465336293006717,1.2232368557990005
EpiDISH_CBSX_melanoma_T.cells.CD4,-0.18672541940805285,0.18672541940805285,0.06473815559435589,0.9112717848950276,0.829671516808138
EpiDISH_CBSX_melanoma_Macrophages,0.13111978285899872,0.13111978285899872,0.04545954659592501,0.9567313314909526,1.1401043380904197
EpiDISH_CBSX_melanoma_T.cells.CD8,-0.09004352711181639,0.09004352711181639,0.031218309145637276,0.9879496406365899,0.9138914053520931
EpiDISH_CBSX_melanoma_Endothelial.cells,0.03475706691814835,0.03475706691814835,0.012050359363410208,1.0,1.0353681530689798
EpiDISH_CBSX_melanoma_Malignant,0.0,0.0,0.0,1.0,1.0
