,coef,abs coef,% total,cum % total,coef OR
CIBERSORTx_CBSX_NSCLC_NK_cells,-0.4047307903855495,0.4047307903855495,0.5472148641944731,0.5472148641944731,0.6671563915999196
CIBERSORTx_CBSX_NSCLC_T_cells_CD4,-0.2701705771049931,0.2701705771049931,0.3652831935989265,0.9124980577933997,0.763249290377921
CIBERSORTx_CBSX_NSCLC_Monocytes,0.06471814372528094,0.06471814372528094,0.08750194220660028,0.9999999999999999,1.0668582813022003
CIBERSORTx_CBSX_NSCLC_T_cells_CD8,0.0,0.0,0.0,0.9999999999999999,1.0
CIBERSORTx_CBSX_NSCLC_NKT_cells,0.0,0.0,0.0,0.9999999999999999,1.0
CIBERSORTx_CBSX_NSCLC_B_cells,0.0,0.0,0.0,0.9999999999999999,1.0
