,coef,abs coef,% total,cum % total,coef OR
DeconRNASeq_CBSX_melanoma_B.cells,-2.0548573118741524,2.0548573118741524,0.3739958405162275,0.3739958405162275,0.12811111420821583
DeconRNASeq_CBSX_melanoma_Endothelial.cells,-1.5208360042678812,1.5208360042678812,0.27680089338404723,0.6507967339002747,0.21852911928920424
DeconRNASeq_CBSX_melanoma_NK.cells,0.9117892746830407,0.9117892746830407,0.16595088826277088,0.8167476221630456,2.488771647955353
DeconRNASeq_CBSX_melanoma_T.cells.CD4,0.4594262794740069,0.4594262794740069,0.08361822329668775,0.9003658454597334,1.5831654298878768
DeconRNASeq_CBSX_melanoma_CAF,0.438339592622389,0.438339592622389,0.079780325099474,0.9801461705592074,1.5501312311764606
DeconRNASeq_CBSX_melanoma_Macrophages,0.06991749894721921,0.06991749894721921,0.012725386640938287,0.9928715572001456,1.0724197018500192
DeconRNASeq_CBSX_melanoma_Malignant,0.03653876608662405,0.03653876608662405,0.00665026542477014,0.9995218226249157,1.0372145119860112
DeconRNASeq_CBSX_melanoma_T.cells.CD8,-0.0026272652503520275,0.0026272652503520275,0.00047817737508416386,0.9999999999999999,0.9973761829905203
