,coef,abs coef,% total,cum % total,coef OR
CIBERSORTx_CBSX_NSCLC_T_cells_CD4,-0.5001939871334837,0.5001939871334837,0.3077887341452601,0.3077887341452601,0.606413011980028
CIBERSORTx_CBSX_NSCLC_NK_cells,-0.38104061903358577,0.38104061903358577,0.23446905162211767,0.5422577857673778,0.6831501401578381
CIBERSORTx_CBSX_NSCLC_NKT_cells,-0.2162328208318206,0.2162328208318206,0.13305642993809924,0.675314215705477,0.8055477317462341
CIBERSORTx_CBSX_NSCLC_Monocytes,0.21297713768948778,0.21297713768948778,0.13105308199923393,0.8063672977047109,1.2373563620948598
CIBERSORTx_CBSX_NSCLC_T_cells_CD8,-0.18390439214120477,0.18390439214120477,0.11316349559753794,0.9195307933022489,0.8320153472299573
CIBERSORTx_CBSX_NSCLC_B_cells,0.13077221117723112,0.13077221117723112,0.08046920669775119,1.0,1.1397081389660257
