,coef,abs coef,% total,cum % total,coef OR
EpiDISH_CBSX_NSCLC_T.cells.CD4,-0.33866430383300455,0.33866430383300455,0.5376396765634979,0.5376396765634979,0.7127216668664015
EpiDISH_CBSX_NSCLC_B.cells,-0.13211295857622493,0.13211295857622493,0.20973325949874203,0.7473729360622399,0.8762420104389689
EpiDISH_CBSX_NSCLC_T.cells.CD8,0.09579611105494783,0.09579611105494783,0.15207918159871847,0.8994521176609583,1.1005346542677732
EpiDISH_CBSX_NSCLC_NK.cells,0.06333605955551674,0.06333605955551674,0.10054788233904184,1.0000000000000002,1.065384811824197
EpiDISH_CBSX_NSCLC_Monocytes,0.0,0.0,0.0,1.0000000000000002,1.0
EpiDISH_CBSX_NSCLC_NKT.cells,0.0,0.0,0.0,1.0000000000000002,1.0
