,coef,abs coef,% total,cum % total,coef OR
DeconRNASeq_CBSX_NSCLC_NK.cells,0.39901919934145924,0.39901919934145924,0.7233042503434449,0.7233042503434449,1.4903622323061156
DeconRNASeq_CBSX_NSCLC_Monocytes,-0.15264242735573472,0.15264242735573472,0.2766957496565551,1.0,0.8584366203911429
DeconRNASeq_CBSX_NSCLC_T.cells.CD8,0.0,0.0,0.0,1.0,1.0
DeconRNASeq_CBSX_NSCLC_T.cells.CD4,0.0,0.0,0.0,1.0,1.0
DeconRNASeq_CBSX_NSCLC_NKT.cells,0.0,0.0,0.0,1.0,1.0
DeconRNASeq_CBSX_NSCLC_B.cells,0.0,0.0,0.0,1.0,1.0
