,coef,abs coef,% total,cum % total,coef OR
CIBERSORTx_CBSX_NSCLC_T_cells_CD4,-0.4871240246759303,0.4871240246759303,0.47147738938356604,0.47147738938356604,0.6143908285957075
CIBERSORTx_CBSX_NSCLC_NK_cells,-0.34831550289817337,0.34831550289817337,0.3371274576274646,0.8086048470110306,0.7058761351121211
CIBERSORTx_CBSX_NSCLC_Monocytes,0.19774686830549823,0.19774686830549823,0.1913951529889693,1.0,1.2186538748549725
CIBERSORTx_CBSX_NSCLC_T_cells_CD8,0.0,0.0,0.0,1.0,1.0
CIBERSORTx_CBSX_NSCLC_NKT_cells,0.0,0.0,0.0,1.0,1.0
CIBERSORTx_CBSX_NSCLC_B_cells,0.0,0.0,0.0,1.0,1.0
