,coef,abs coef,% total,cum % total,coef OR
EpiDISH_CBSX_melanoma_B.cells,-2.6815320784695444,2.6815320784695444,0.3243392021752513,0.3243392021752513,0.06845819044884215
EpiDISH_CBSX_melanoma_T.cells.CD4,1.8486204264283004,1.8486204264283004,0.22359608488250182,0.5479352870577532,6.351051732963692
EpiDISH_CBSX_melanoma_Endothelial.cells,-1.383352400065531,1.383352400065531,0.16732054684967634,0.7152558339074295,0.25073657321718756
EpiDISH_CBSX_melanoma_CAF,0.946618890183863,0.946618890183863,0.11449634262122552,0.8297521765286551,2.5769818541535243
EpiDISH_CBSX_melanoma_T.cells.CD8,0.7495224849404254,0.7495224849404254,0.09065695194544747,0.9204091284741025,2.1159893585450504
EpiDISH_CBSX_melanoma_Macrophages,-0.5747564722889228,0.5747564722889228,0.06951848801810571,0.9899276164922082,0.5628419197228388
EpiDISH_CBSX_melanoma_NK.cells,0.07457110611836995,0.07457110611836995,0.00901959490171835,0.9989472113939265,1.0774219520914134
EpiDISH_CBSX_melanoma_Malignant,0.008704117171466224,0.008704117171466224,0.001052788606073475,1.0,1.008742108145298
