,coef,abs coef,% total,cum % total,coef OR
CIBERSORTx_CBSX_melanoma_T_cells_CD8,-1.0247308710026275,1.0247308710026275,0.47914443678246416,0.47914443678246416,0.3588930409340017
CIBERSORTx_CBSX_melanoma_Macrophages,0.425500823705961,0.425500823705961,0.19895599741773026,0.6781004342001944,1.530356666667273
CIBERSORTx_CBSX_melanoma_B_cells,-0.23440748496567596,0.23440748496567596,0.1096044293577106,0.787704863557905,0.7910394135447129
CIBERSORTx_CBSX_melanoma_T_cells_CD4,-0.1768651181331793,0.1768651181331793,0.08269872589226297,0.870403589450168,0.8378927934455709
CIBERSORTx_CBSX_melanoma_NK_cells,0.13084001701542783,0.13084001701542783,0.061178274252756897,0.931581863702925,1.1397854204517262
CIBERSORTx_CBSX_melanoma_Endothelial_cells,-0.0977710058768261,0.0977710058768261,0.04571584097849114,0.9772977046814161,0.9068565447980447
CIBERSORTx_CBSX_melanoma_CAF,-0.043434770680303325,0.043434770680303325,0.020309262971678406,0.9976069676530945,0.9574950088020427
CIBERSORTx_CBSX_melanoma_Malignant,-0.005117901686700362,0.005117901686700362,0.00239303234690563,1.0000000000000002,0.9948951724585644
