,coef,abs coef,% total,cum % total,coef OR
EpiDISH_CBSX_NSCLC_T.cells.CD4,-1.36678333056433,1.36678333056433,0.6842421876214699,0.6842421876214699,0.2549256536712425
EpiDISH_CBSX_NSCLC_Monocytes,0.18648932180666247,0.18648932180666247,0.09336070953422353,0.7776028971556934,1.2050117546685057
EpiDISH_CBSX_NSCLC_T.cells.CD8,0.1682823523580274,0.1682823523580274,0.0842458949715177,0.8618487921272111,1.1832706627472038
EpiDISH_CBSX_NSCLC_B.cells,-0.15493469662641784,0.15493469662641784,0.0775637611225163,0.9394125532497274,0.8564711061100343
EpiDISH_CBSX_NSCLC_NK.cells,-0.10656884331780854,0.10656884331780854,0.05335073735056424,0.9927632906002917,0.8989131618665422
EpiDISH_CBSX_NSCLC_NKT.cells,-0.014455428143128838,0.014455428143128838,0.0072367093997082535,0.9999999999999999,0.9856485499394205
