,coef,abs coef,% total,cum % total,coef OR
DeconRNASeq_CBSX_NSCLC_NKT.cells,-0.3482028822628571,0.3482028822628571,0.31542929078591464,0.31542929078591464,0.7059556358075374
DeconRNASeq_CBSX_NSCLC_Monocytes,-0.24159158237228492,0.24159158237228492,0.2188524718471738,0.5342817626330885,0.7853768738180346
DeconRNASeq_CBSX_NSCLC_T.cells.CD8,-0.23944293993460788,0.23944293993460788,0.21690606417856248,0.751187826811651,0.7870661821085178
DeconRNASeq_CBSX_NSCLC_NK.cells,0.20715406694868982,0.20715406694868982,0.18765628818579486,0.9388441149974458,1.2301720860410956
DeconRNASeq_CBSX_NSCLC_T.cells.CD4,0.06751007610031412,0.06751007610031412,0.0611558850025542,1.0,1.0698410393692257
DeconRNASeq_CBSX_NSCLC_B.cells,0.0,0.0,0.0,1.0,1.0
