,coef,abs coef,% total,cum % total,coef OR
CIBERSORTx_CBSX_NSCLC_T_cells_CD4,-0.5639782590409808,0.5639782590409808,0.33151211745157805,0.33151211745157805,0.5689411603711142
CIBERSORTx_CBSX_NSCLC_T_cells_CD8,-0.37281217708393866,0.37281217708393866,0.21914276349409517,0.5506548809456733,0.6887945921041151
CIBERSORTx_CBSX_NSCLC_Monocytes,0.3269619769178215,0.3269619769178215,0.19219155270009236,0.7428464336457656,1.3867487477162448
CIBERSORTx_CBSX_NSCLC_NK_cells,-0.24672955817159625,0.24672955817159625,0.1450301265272971,0.8878765601730627,0.7813519752171906
CIBERSORTx_CBSX_NSCLC_NKT_cells,-0.19074772553530767,0.19074772553530767,0.11212343982693734,1.0,0.8263410265983779
CIBERSORTx_CBSX_NSCLC_B_cells,0.0,0.0,0.0,1.0,1.0
