,coef,abs coef,% total,cum % total,coef OR
CIBERSORTx_CBSX_NSCLC_T_cells_CD4,-4.1550573013182115,4.1550573013182115,0.7345207295556626,0.7345207295556626,0.015684892338863332
CIBERSORTx_CBSX_NSCLC_NKT_cells,0.5339229335289243,0.5339229335289243,0.09438557262200568,0.8289063021776683,1.7056101970275142
CIBERSORTx_CBSX_NSCLC_NK_cells,-0.46323704421209694,0.46323704421209694,0.08188989633522743,0.9107961985128957,0.6292434563088661
CIBERSORTx_CBSX_NSCLC_Monocytes,0.40477743707859326,0.40477743707859326,0.07155555190449824,0.982351750417394,1.4989688480429426
CIBERSORTx_CBSX_NSCLC_T_cells_CD8,0.09983310930932314,0.09983310930932314,0.017648249582606267,1.0000000000000002,1.1049864907278457
CIBERSORTx_CBSX_NSCLC_B_cells,0.0,0.0,0.0,1.0000000000000002,1.0
