,coef,abs coef,% total,cum % total,coef OR
EpiDISH_CBSX_NSCLC_T.cells.CD4,-0.3154327697774145,0.3154327697774145,0.33721888916890014,0.33721888916890014,0.7294731120314847
EpiDISH_CBSX_NSCLC_Monocytes,0.306893676717674,0.306893676717674,0.3280900232043793,0.6653089123732794,1.359196446161613
EpiDISH_CBSX_NSCLC_T.cells.CD8,0.18651039011113532,0.18651039011113532,0.1993921767104828,0.8647010890837622,1.2050371424904847
EpiDISH_CBSX_NSCLC_NK.cells,-0.10907609949937645,0.10907609949937645,0.11660970143974508,0.9813107905235072,0.8966621793588653
EpiDISH_CBSX_NSCLC_NKT.cells,-0.017481787940911223,0.017481787940911223,0.018689209476492576,0.9999999999999998,0.9826701319486164
EpiDISH_CBSX_NSCLC_B.cells,0.0,0.0,0.0,0.9999999999999998,1.0
