,coef,abs coef,% total,cum % total,coef OR
CIBERSORTx_CBSX_melanoma_B_cells,-1.7598835362409793,1.7598835362409793,0.36448639149949175,0.36448639149949175,0.17206490198144855
CIBERSORTx_CBSX_melanoma_T_cells_CD4,0.9009618647633938,0.9009618647633938,0.18659663108598828,0.55108302258548,2.4619700548788988
CIBERSORTx_CBSX_melanoma_Endothelial_cells,-0.8787820384327419,0.8787820384327419,0.18200300616884618,0.7330860287543262,0.41528840910249126
CIBERSORTx_CBSX_melanoma_CAF,0.7779330595396893,0.7779330595396893,0.16111635108844777,0.894202379842774,2.176967948890346
CIBERSORTx_CBSX_melanoma_T_cells_CD8,0.3683079460703934,0.3683079460703934,0.07627961251943055,0.9704819923622046,1.4452870409169034
CIBERSORTx_CBSX_melanoma_Macrophages,-0.10086027492288804,0.10086027492288804,0.02088899458131889,0.9913709869435234,0.9040593438227853
CIBERSORTx_CBSX_melanoma_NK_cells,0.04166426611876017,0.04166426611876017,0.008629013056476491,0.9999999999999999,1.0425444025092045
CIBERSORTx_CBSX_melanoma_Malignant,0.0,0.0,0.0,0.9999999999999999,1.0
