,coef,abs coef,% total,cum % total,coef OR
CIBERSORTx_CBSX_NSCLC_T_cells_CD4,-0.4623227245626828,0.4623227245626828,0.36642283888628346,0.36642283888628346,0.6298190490630186
CIBERSORTx_CBSX_NSCLC_NK_cells,-0.2987545357649479,0.2987545357649479,0.2367836995871131,0.6032065384733966,0.7417414580904961
CIBERSORTx_CBSX_NSCLC_NKT_cells,-0.2133630150362764,0.2133630150362764,0.16910499425889503,0.7723115327322916,0.807862817629951
CIBERSORTx_CBSX_NSCLC_Monocytes,0.11198298865585453,0.11198298865585453,0.08875428879050336,0.861065821522795,1.1184938333996817
CIBERSORTx_CBSX_NSCLC_T_cells_CD8,-0.09301543937495971,0.09301543937495971,0.07372118986421719,0.9347870113870121,0.9111794321466307
CIBERSORTx_CBSX_NSCLC_B_cells,0.08228047865157329,0.08228047865157329,0.06521298861298779,0.9999999999999999,1.085760299710892
