,coef,abs coef,% total,cum % total,coef OR
EpiDISH_CBSX_melanoma_T.cells.CD8,-0.19414255489993973,0.19414255489993973,0.513771226469971,0.513771226469971,0.8235404961671982
EpiDISH_CBSX_melanoma_B.cells,-0.11486968957169424,0.11486968957169424,0.30398663150328464,0.8177578579732556,0.8914823057792084
EpiDISH_CBSX_melanoma_NK.cells,0.06886519376845207,0.06886519376845207,0.18224214202674432,1.0,1.0712917826056647
EpiDISH_CBSX_melanoma_Malignant,0.0,0.0,0.0,1.0,1.0
EpiDISH_CBSX_melanoma_Endothelial.cells,0.0,0.0,0.0,1.0,1.0
EpiDISH_CBSX_melanoma_CAF,0.0,0.0,0.0,1.0,1.0
EpiDISH_CBSX_melanoma_Macrophages,0.0,0.0,0.0,1.0,1.0
EpiDISH_CBSX_melanoma_T.cells.CD4,0.0,0.0,0.0,1.0,1.0
