,coef,abs coef,% total,cum % total,coef OR
EpiDISH_CBSX_NSCLC_T.cells.CD4,-0.0004921817204532933,0.0004921817204532933,0.3016395388136062,0.3016395388136062,0.9995079393811008
EpiDISH_CBSX_NSCLC_T.cells.CD8,0.00039004458168463214,0.00039004458168463214,0.23904355413228584,0.5406830929458921,1.0003901206589634
EpiDISH_CBSX_NSCLC_NK.cells,0.0003150749433141481,0.0003150749433141481,0.19309750168184414,0.7337805946277363,1.0003151245846376
EpiDISH_CBSX_NSCLC_B.cells,-0.00015389585762337916,0.00015389585762337916,0.09431694349820073,0.828097538125937,0.9998461159837366
EpiDISH_CBSX_NSCLC_Monocytes,0.00014037944353508428,0.00014037944353508428,0.08603324513522201,0.914130783261159,1.0001403892971903
EpiDISH_CBSX_NSCLC_NKT.cells,-0.000140111800312145,0.000140111800312145,0.08586921673884103,1.0,0.9998598980148877
