,coef,abs coef,% total,cum % total,coef OR
DeconRNASeq_CBSX_melanoma_Endothelial.cells,-0.1043758812162231,0.1043758812162231,0.5419200807976556,0.5419200807976556,0.9008866074179119
DeconRNASeq_CBSX_melanoma_B.cells,-0.05871460380855164,0.05871460380855164,0.30484650734605806,0.8467665881437136,0.9429758524745203
DeconRNASeq_CBSX_melanoma_CAF,0.029513341470437576,0.029513341470437576,0.1532334118562863,1.0,1.0299531764700849
DeconRNASeq_CBSX_melanoma_Malignant,0.0,0.0,0.0,1.0,1.0
DeconRNASeq_CBSX_melanoma_T.cells.CD8,0.0,0.0,0.0,1.0,1.0
DeconRNASeq_CBSX_melanoma_NK.cells,0.0,0.0,0.0,1.0,1.0
DeconRNASeq_CBSX_melanoma_Macrophages,0.0,0.0,0.0,1.0,1.0
DeconRNASeq_CBSX_melanoma_T.cells.CD4,0.0,0.0,0.0,1.0,1.0
