,coef,abs coef,% total,cum % total,coef OR
DeconRNASeq_CBSX_NSCLC_NK.cells,0.3456283520702198,0.3456283520702198,0.8297677432520404,0.8297677432520404,1.4128774252605991
DeconRNASeq_CBSX_NSCLC_Monocytes,-0.07090790748070835,0.07090790748070835,0.17023225674795964,1.0,0.9315476767498626
DeconRNASeq_CBSX_NSCLC_T.cells.CD8,0.0,0.0,0.0,1.0,1.0
DeconRNASeq_CBSX_NSCLC_T.cells.CD4,0.0,0.0,0.0,1.0,1.0
DeconRNASeq_CBSX_NSCLC_NKT.cells,0.0,0.0,0.0,1.0,1.0
DeconRNASeq_CBSX_NSCLC_B.cells,0.0,0.0,0.0,1.0,1.0
