,coef,abs coef,% total,cum % total,coef OR
CIBERSORTx_CBSX_NSCLC_T_cells_CD4,-0.4611152611219507,0.4611152611219507,0.34121563938636257,0.34121563938636257,0.6305799918518853
CIBERSORTx_CBSX_NSCLC_Monocytes,0.32071084237089487,0.32071084237089487,0.23731930899763168,0.5785349483839942,1.378107033112617
CIBERSORTx_CBSX_NSCLC_T_cells_CD8,-0.27980737911759884,0.27980737911759884,0.20705160253931337,0.7855865509233075,0.7559293352086576
CIBERSORTx_CBSX_NSCLC_NK_cells,-0.18625268342182064,0.18625268342182064,0.13782308637231305,0.9234096372956206,0.8300638251127056
CIBERSORTx_CBSX_NSCLC_NKT_cells,-0.10350341842879315,0.10350341842879315,0.07659036270437952,1.0000000000000002,0.9016729404318455
CIBERSORTx_CBSX_NSCLC_B_cells,0.0,0.0,0.0,1.0000000000000002,1.0
