,coef,abs coef,% total,cum % total,coef OR
EpiDISH_CBSX_melanoma_B.cells,-2.1928303714792707,2.1928303714792707,0.7240513590708684,0.7240513590708684,0.11160043050404153
EpiDISH_CBSX_melanoma_CAF,0.23397222127282702,0.23397222127282702,0.07725536229377321,0.8013067213646415,1.2636093902597312
EpiDISH_CBSX_melanoma_NK.cells,0.19516138296228483,0.19516138296228483,0.06444039922553049,0.865747120590172,1.2155071328037386
EpiDISH_CBSX_melanoma_T.cells.CD4,-0.17737823779370504,0.17737823779370504,0.058568576855987736,0.9243156974461597,0.837462964466122
EpiDISH_CBSX_melanoma_Macrophages,0.11806904498282889,0.11806904498282889,0.038985255583790096,0.9633009530299498,1.1253218065098889
EpiDISH_CBSX_melanoma_T.cells.CD8,-0.0741051478586104,0.0741051478586104,0.024468802383915602,0.9877697554138654,0.9285740511348783
EpiDISH_CBSX_melanoma_Endothelial.cells,0.03703998541417107,0.03703998541417107,0.012230244586134522,0.9999999999999999,1.037734514252938
EpiDISH_CBSX_melanoma_Malignant,0.0,0.0,0.0,0.9999999999999999,1.0
