,coef,abs coef,% total,cum % total,coef OR
EpiDISH_CBSX_NSCLC_T.cells.CD4,-1.6869314136107902,1.6869314136107902,0.6018832158610461,0.6018832158610461,0.1850866077205795
EpiDISH_CBSX_NSCLC_NKT.cells,-0.4438053878147521,0.4438053878147521,0.15834610220616327,0.7602293180672094,0.6415902699628155
EpiDISH_CBSX_NSCLC_Monocytes,0.3413128114152378,0.3413128114152378,0.12177759622690569,0.882006914294115,1.406793233023465
EpiDISH_CBSX_NSCLC_NK.cells,-0.14465884567285572,0.14465884567285572,0.05161308310096683,0.9336199973950818,0.8653174495531983
EpiDISH_CBSX_NSCLC_T.cells.CD8,0.12206141257762058,0.12206141257762058,0.04355050533886761,0.9771705027339495,1.1298234850222666
EpiDISH_CBSX_NSCLC_B.cells,-0.06398549599019399,0.06398549599019399,0.02282949726605037,0.9999999999999998,0.9380186044631036
