,coef,abs coef,% total,cum % total,coef OR
CIBERSORTx_CBSX_NSCLC_T_cells_CD4,-0.5041205280908723,0.5041205280908723,0.29554631819878596,0.29554631819878596,0.6040365750930495
CIBERSORTx_CBSX_NSCLC_Monocytes,0.41094186337927513,0.41094186337927513,0.24091928010834823,0.5364655983071343,1.508237670167794
CIBERSORTx_CBSX_NSCLC_T_cells_CD8,-0.3305046611447933,0.3305046611447933,0.19376206741430976,0.730227665721444,0.7185610120909751
CIBERSORTx_CBSX_NSCLC_NK_cells,-0.23634909569259355,0.23634909569259355,0.13856231029926855,0.8687899760207126,0.7895050130202573
CIBERSORTx_CBSX_NSCLC_NKT_cells,-0.14248066703682616,0.14248066703682616,0.0835308903541624,0.952320866374875,0.8672043197593694
CIBERSORTx_CBSX_NSCLC_B_cells,0.08132745543406357,0.08132745543406357,0.04767913362512512,1.0000000000000002,1.0847260378526802
