,coef,abs coef,% total,cum % total,coef OR
CIBERSORTx_CBSX_melanoma_CAF,0.09981861913419604,0.09981861913419604,0.5880626006121672,0.5880626006121672,1.104970479396086
CIBERSORTx_CBSX_melanoma_B_cells,-0.06992286592247286,0.06992286592247286,0.4119373993878327,0.9999999999999999,0.9324657420169259
CIBERSORTx_CBSX_melanoma_Malignant,0.0,0.0,0.0,0.9999999999999999,1.0
CIBERSORTx_CBSX_melanoma_Endothelial_cells,0.0,0.0,0.0,0.9999999999999999,1.0
CIBERSORTx_CBSX_melanoma_T_cells_CD8,0.0,0.0,0.0,0.9999999999999999,1.0
CIBERSORTx_CBSX_melanoma_NK_cells,0.0,0.0,0.0,0.9999999999999999,1.0
CIBERSORTx_CBSX_melanoma_Macrophages,0.0,0.0,0.0,0.9999999999999999,1.0
CIBERSORTx_CBSX_melanoma_T_cells_CD4,0.0,0.0,0.0,0.9999999999999999,1.0
