,coef,abs coef,% total,cum % total,coef OR
DeconRNASeq_CBSX_melanoma_B.cells,-1.9755808505754882,1.9755808505754882,0.3213702643322817,0.3213702643322817,0.13868073605851045
DeconRNASeq_CBSX_melanoma_Endothelial.cells,-1.4512337396476407,1.4512337396476407,0.2360740489981112,0.5574443133303929,0.23428106787712744
DeconRNASeq_CBSX_melanoma_NK.cells,0.9561903329056033,0.9561903329056033,0.15554470471220253,0.7129890180425954,2.60176570777422
DeconRNASeq_CBSX_melanoma_CAF,0.6644230854357561,0.6644230854357561,0.10808255330717491,0.8210715713497703,1.9433690399656112
DeconRNASeq_CBSX_melanoma_T.cells.CD4,0.505045252081253,0.505045252081253,0.08215635726264309,0.9032279286124134,1.65706050420083
DeconRNASeq_CBSX_melanoma_Malignant,0.3477120377675132,0.3477120377675132,0.05656276201316228,0.9597906906255756,1.415824487052613
DeconRNASeq_CBSX_melanoma_Macrophages,0.2411794990286393,0.2411794990286393,0.039232977648969915,0.9990236682745456,1.2727494720994676
DeconRNASeq_CBSX_melanoma_T.cells.CD8,0.006001869104550678,0.006001869104550678,0.0009763317254544854,1.0,1.0060199164087114
