,coef,abs coef,% total,cum % total,coef OR
CIBERSORTx_CBSX_NSCLC_T_cells_CD4,-2.6352106207640205,2.6352106207640205,0.6399683692325318,0.6399683692325318,0.07170386549511393
CIBERSORTx_CBSX_NSCLC_NKT_cells,0.5235102876825586,0.5235102876825586,0.12713595734807948,0.7671043265806112,1.6879424258487323
CIBERSORTx_CBSX_NSCLC_NK_cells,-0.45990317555729693,0.45990317555729693,0.1116887898626234,0.8787931164432347,0.6313447721533187
CIBERSORTx_CBSX_NSCLC_Monocytes,0.33823076479441494,0.33823076479441494,0.08214030000645522,0.9609334164496899,1.4024641054068683
CIBERSORTx_CBSX_NSCLC_B_cells,-0.09702279561181913,0.09702279561181913,0.023562260942950768,0.9844956773926407,0.907535318074652
CIBERSORTx_CBSX_NSCLC_T_cells_CD8,0.06384246091984595,0.06384246091984595,0.015504322607359495,1.0000000000000002,1.0659244607743905
