,coef,abs coef,% total,cum % total,coef OR
EpiDISH_CBSX_melanoma_B.cells,-2.001875051968729,2.001875051968729,0.2778314285453796,0.2778314285453796,0.13508176030595492
EpiDISH_CBSX_melanoma_T.cells.CD4,1.6505131727239555,1.6505131727239555,0.22906745960987512,0.5068988881552547,5.209652592937931
EpiDISH_CBSX_melanoma_Endothelial.cells,-1.2766158871386635,1.2766158871386635,0.17717590080292508,0.6840747889581799,0.2789798039271736
EpiDISH_CBSX_melanoma_CAF,0.9268572411811197,0.9268572411811197,0.12863443755979356,0.8127092265179734,2.526556330035112
EpiDISH_CBSX_melanoma_T.cells.CD8,0.6832493300716648,0.6832493300716648,0.09482516765459421,0.9075343941725676,1.9803019440435763
EpiDISH_CBSX_melanoma_Macrophages,-0.48737057057330196,0.48737057057330196,0.06764001665348314,0.9751744108260508,0.6142393717288362
EpiDISH_CBSX_melanoma_NK.cells,0.1371299327595738,0.1371299327595738,0.01903165988179735,0.9942060707078482,1.1469771687475874
EpiDISH_CBSX_melanoma_Malignant,0.041747337813998885,0.041747337813998885,0.0057939292921519656,1.0000000000000002,1.0426310120374331
