,coef,abs coef,% total,cum % total,coef OR
CIBERSORTx_CBSX_melanoma_T_cells_CD8,-0.24317823894591667,0.24317823894591667,0.8241061607473557,0.8241061607473557,0.7841317385006978
CIBERSORTx_CBSX_melanoma_B_cells,-0.040646360378316745,0.040646360378316745,0.13774635487502576,0.9618525156223814,0.9601686235838566
CIBERSORTx_CBSX_melanoma_NK_cells,0.011256605657156433,0.011256605657156433,0.03814748437761857,1.0,1.0113201996360612
CIBERSORTx_CBSX_melanoma_Malignant,0.0,0.0,0.0,1.0,1.0
CIBERSORTx_CBSX_melanoma_Endothelial_cells,0.0,0.0,0.0,1.0,1.0
CIBERSORTx_CBSX_melanoma_CAF,0.0,0.0,0.0,1.0,1.0
CIBERSORTx_CBSX_melanoma_Macrophages,0.0,0.0,0.0,1.0,1.0
CIBERSORTx_CBSX_melanoma_T_cells_CD4,0.0,0.0,0.0,1.0,1.0
