,coef,abs coef,% total,cum % total,coef OR
DeconRNASeq_CBSX_NSCLC_NKT.cells,-0.27375841789055816,0.27375841789055816,0.2844035357414129,0.2844035357414129,0.7605157800765049
DeconRNASeq_CBSX_NSCLC_NK.cells,0.21563002190862618,0.21563002190862618,0.2240148124589477,0.5084183482003606,1.2406432832442122
DeconRNASeq_CBSX_NSCLC_T.cells.CD8,-0.17109639945446933,0.17109639945446933,0.17774949655403643,0.6861678447543971,0.8427403298477057
DeconRNASeq_CBSX_NSCLC_Monocytes,-0.14912012093613586,0.14912012093613586,0.15491866869781049,0.8410865134522075,0.8614656286258893
DeconRNASeq_CBSX_NSCLC_T.cells.CD4,0.08117919778368214,0.08117919778368214,0.08433585734543711,0.9254223707976447,1.08456523083973
DeconRNASeq_CBSX_NSCLC_B.cells,0.07178621646612898,0.07178621646612898,0.07457762920235546,1.0000000000000002,1.0744256250026176
