,coef,abs coef,% total,cum % total,coef OR
EpiDISH_CBSX_NSCLC_Monocytes,0.05787051465913127,0.05787051465913127,0.3037084065401042,0.3037084065401042,1.059577787036292
EpiDISH_CBSX_NSCLC_T.cells.CD4,-0.054419672423927534,0.054419672423927534,0.2855981512114928,0.589306557751597,0.9470345787946987
EpiDISH_CBSX_NSCLC_B.cells,-0.03136353252258263,0.03136353252258263,0.16459795704269442,0.7539045147942914,0.9691232012285573
EpiDISH_CBSX_NSCLC_T.cells.CD8,0.02504806550140895,0.02504806550140895,0.13145395552732878,0.8853584703216202,1.025364403994207
EpiDISH_CBSX_NSCLC_NKT.cells,-0.021732900194133594,0.021732900194133594,0.11405574196693206,0.9994142122885522,0.9785015577261472
EpiDISH_CBSX_NSCLC_NK.cells,-0.00011161968392204717,0.00011161968392204717,0.0005857877114477338,0.9999999999999999,0.9998883865453231
