,coef,abs coef,% total,cum % total,coef OR
CIBERSORTx_CBSX_NSCLC_NK_cells,-0.5690346298632106,0.5690346298632106,0.5254658342631242,0.5254658342631242,0.5660716436722177
CIBERSORTx_CBSX_NSCLC_T_cells_CD4,-0.39945737776985885,0.39945737776985885,0.36887246091306725,0.8943382951761915,0.6706838752959227
CIBERSORTx_CBSX_NSCLC_Monocytes,0.1144226040489331,0.1144226040489331,0.10566170482380864,1.0,1.1212258593639837
CIBERSORTx_CBSX_NSCLC_T_cells_CD8,0.0,0.0,0.0,1.0,1.0
CIBERSORTx_CBSX_NSCLC_NKT_cells,0.0,0.0,0.0,1.0,1.0
CIBERSORTx_CBSX_NSCLC_B_cells,0.0,0.0,0.0,1.0,1.0
