,coef,abs coef,% total,cum % total,coef OR
EpiDISH_CBSX_melanoma_T.cells.CD4,-0.06932911085362764,0.06932911085362764,0.37058973185294136,0.37058973185294136,0.9330195626784149
EpiDISH_CBSX_melanoma_B.cells,-0.06151940437840652,0.06151940437840652,0.32884396311500386,0.6994336949679452,0.9403346989520682
EpiDISH_CBSX_melanoma_CAF,0.05622928238255014,0.05622928238255014,0.30056630503205467,0.9999999999999998,1.057840200054615
EpiDISH_CBSX_melanoma_Malignant,0.0,0.0,0.0,0.9999999999999998,1.0
EpiDISH_CBSX_melanoma_Endothelial.cells,0.0,0.0,0.0,0.9999999999999998,1.0
EpiDISH_CBSX_melanoma_T.cells.CD8,0.0,0.0,0.0,0.9999999999999998,1.0
EpiDISH_CBSX_melanoma_NK.cells,0.0,0.0,0.0,0.9999999999999998,1.0
EpiDISH_CBSX_melanoma_Macrophages,0.0,0.0,0.0,0.9999999999999998,1.0
