,coef,abs coef,% total,cum % total,coef OR
CIBERSORTx_CBSX_melanoma_CAF,0.12865018884119378,0.12865018884119378,0.9456964848437894,0.9456964848437894,1.1372922170652644
CIBERSORTx_CBSX_melanoma_B_cells,-0.006232264286528242,0.006232264286528242,0.045812839308480215,0.9915093241522697,0.9937871159906362
CIBERSORTx_CBSX_melanoma_T_cells_CD4,-0.0011550503451224336,0.0011550503451224336,0.008490675847730495,1.0000000000000002,0.9988456164687682
CIBERSORTx_CBSX_melanoma_Malignant,0.0,0.0,0.0,1.0000000000000002,1.0
CIBERSORTx_CBSX_melanoma_Endothelial_cells,0.0,0.0,0.0,1.0000000000000002,1.0
CIBERSORTx_CBSX_melanoma_T_cells_CD8,0.0,0.0,0.0,1.0000000000000002,1.0
CIBERSORTx_CBSX_melanoma_NK_cells,0.0,0.0,0.0,1.0000000000000002,1.0
CIBERSORTx_CBSX_melanoma_Macrophages,0.0,0.0,0.0,1.0000000000000002,1.0
