,coef,abs coef,% total,cum % total,coef OR
EpiDISH_CBSX_melanoma_T.cells.CD8,-0.3221733238116716,0.3221733238116716,0.5249268945439846,0.5249268945439846,0.7245725937619958
EpiDISH_CBSX_melanoma_B.cells,-0.18457253699884488,0.18457253699884488,0.3007297051122218,0.8256565996562064,0.8314596261260006
EpiDISH_CBSX_melanoma_NK.cells,0.10700307672782501,0.10700307672782501,0.17434340034379356,1.0,1.1129376786803815
EpiDISH_CBSX_melanoma_Malignant,0.0,0.0,0.0,1.0,1.0
EpiDISH_CBSX_melanoma_Endothelial.cells,0.0,0.0,0.0,1.0,1.0
EpiDISH_CBSX_melanoma_CAF,0.0,0.0,0.0,1.0,1.0
EpiDISH_CBSX_melanoma_Macrophages,0.0,0.0,0.0,1.0,1.0
EpiDISH_CBSX_melanoma_T.cells.CD4,0.0,0.0,0.0,1.0,1.0
