,coef,abs coef,% total,cum % total,coef OR
EpiDISH_CBSX_NSCLC_T.cells.CD4,-0.07552309264769759,0.07552309264769759,0.6444443827799211,0.6444443827799211,0.927258317437108
EpiDISH_CBSX_NSCLC_NKT.cells,-0.024408451203827702,0.024408451203827702,0.20827919937073855,0.8527235821506597,0.9758870261114294
EpiDISH_CBSX_NSCLC_T.cells.CD8,0.014222474485546843,0.014222474485546843,0.12136147329396785,0.9740850554446275,1.014324095069649
EpiDISH_CBSX_NSCLC_Monocytes,0.0030369987091403137,0.0030369987091403137,0.02591494455537254,1.0,1.0030416150618227
EpiDISH_CBSX_NSCLC_B.cells,0.0,0.0,0.0,1.0,1.0
EpiDISH_CBSX_NSCLC_NK.cells,0.0,0.0,0.0,1.0,1.0
