,coef,abs coef,% total,cum % total,coef OR
CIBERSORTx_CBSX_NSCLC_NK_cells,-0.23800424612597829,0.23800424612597829,0.7066067701197497,0.7066067701197497,0.7881993442929531
CIBERSORTx_CBSX_NSCLC_T_cells_CD4,-0.09882276458274074,0.09882276458274074,0.29339322988025035,1.0,0.9059032519369481
CIBERSORTx_CBSX_NSCLC_T_cells_CD8,0.0,0.0,0.0,1.0,1.0
CIBERSORTx_CBSX_NSCLC_Monocytes,0.0,0.0,0.0,1.0,1.0
CIBERSORTx_CBSX_NSCLC_NKT_cells,0.0,0.0,0.0,1.0,1.0
CIBERSORTx_CBSX_NSCLC_B_cells,0.0,0.0,0.0,1.0,1.0
SEX,0.0,0.0,0.0,1.0,1.0
