,coef,abs coef,% total,cum % total,coef OR
TMB,-1.094113167092473,1.094113167092473,0.27432742979455504,0.27432742979455504,0.33483641927293617
EpiDISH_CBSX_NSCLC_T.cells.CD4,-0.7730523886769896,0.7730523886769896,0.19382773305421347,0.4681551628487685,0.46160192723537974
EpiDISH_CBSX_NSCLC_NKT.cells,-0.6331305832706163,0.6331305832706163,0.15874508310187993,0.6269002459506484,0.5309270851499978
EpiDISH_CBSX_NSCLC_T.cells.CD8,0.6320623129705998,0.6320623129705998,0.15847723526443167,0.7853774812150801,1.8814867955273944
EpiDISH_CBSX_NSCLC_B.cells,-0.5193629974721873,0.5193629974721873,0.13022009104008825,0.9155975722551684,0.5948993797076652
EpiDISH_CBSX_NSCLC_Monocytes,0.290480339223129,0.290480339223129,0.07283225105195762,0.988429823307126,1.337069580765657
EpiDISH_CBSX_NSCLC_NK.cells,0.04614588732428424,0.04614588732428424,0.011570176692874131,1.0000000000000002,1.0472271769841208
