,coef,abs coef,% total,cum % total,coef OR
DeconRNASeq_CBSX_NSCLC_NK.cells,0.4000019630816878,0.4000019630816878,0.924741661592463,0.924741661592463,1.4918276262178902
DeconRNASeq_CBSX_NSCLC_T.cells.CD8,-0.03255339772346875,0.03255339772346875,0.07525833840753703,1.0,0.9679707610162632
DeconRNASeq_CBSX_NSCLC_Monocytes,0.0,0.0,0.0,1.0,1.0
DeconRNASeq_CBSX_NSCLC_T.cells.CD4,0.0,0.0,0.0,1.0,1.0
DeconRNASeq_CBSX_NSCLC_NKT.cells,0.0,0.0,0.0,1.0,1.0
DeconRNASeq_CBSX_NSCLC_B.cells,0.0,0.0,0.0,1.0,1.0
SEX,0.0,0.0,0.0,1.0,1.0
