,coef,abs coef,% total,cum % total,coef OR
TMB,-0.2701708573909115,0.2701708573909115,0.18640560653488616,0.18640560653488616,0.7632490764499227
EpiDISH_CBSX_melanoma_NK.cells,0.24916551678741145,0.24916551678741145,0.17191287666209337,0.35831848319697956,1.2829543659820486
EpiDISH_CBSX_melanoma_B.cells,-0.2363532568039908,0.2363532568039908,0.16307299986577198,0.5213914830627515,0.7895017278087845
EpiDISH_CBSX_melanoma_CAF,0.16865191421152817,0.16865191421152817,0.11636215195624224,0.6377536350189937,1.183708035259642
EpiDISH_CBSX_melanoma_T.cells.CD8,-0.14924393956732018,0.14924393956732018,0.10297153196078974,0.7407251669797835,0.8613589697342557
EpiDISH_CBSX_melanoma_Endothelial.cells,-0.14048143446452135,0.14048143446452135,0.09692580188380774,0.8376509688635912,0.8689397971156568
EpiDISH_CBSX_melanoma_T.cells.CD4,0.12957757529095723,0.12957757529095723,0.0894026348685056,0.9270536037320969,1.1383474156696092
EpiDISH_CBSX_melanoma_Macrophages,0.07433624376621077,0.07433624376621077,0.05128862802073561,0.9783422317528325,1.0771689359506234
EpiDISH_CBSX_melanoma_Malignant,-0.03139013855474271,0.03139013855474271,0.0216577682471676,1.0000000000000002,0.9690974170485073
