,coef,abs coef,% total,cum % total,coef OR
CIBERSORTx_CBSX_NSCLC_NK_cells,-0.10133137779845819,0.10133137779845819,0.6877123368783328,0.6877123368783328,0.903633539172997
CIBERSORTx_CBSX_NSCLC_NKT_cells,0.046014208960130566,0.046014208960130566,0.31228766312166734,1.0,1.047089288901196
CIBERSORTx_CBSX_NSCLC_T_cells_CD8,0.0,0.0,0.0,1.0,1.0
CIBERSORTx_CBSX_NSCLC_Monocytes,0.0,0.0,0.0,1.0,1.0
CIBERSORTx_CBSX_NSCLC_T_cells_CD4,0.0,0.0,0.0,1.0,1.0
CIBERSORTx_CBSX_NSCLC_B_cells,0.0,0.0,0.0,1.0,1.0
AAGE,0.0,0.0,0.0,1.0,1.0
