,coef,abs coef,% total,cum % total,coef OR
DeconRNASeq_CBSX_melanoma_Endothelial.cells,1.314628158406794,1.314628158406794,0.2535135209092013,0.2535135209092013,3.723366225382178
DeconRNASeq_CBSX_melanoma_NK.cells,-1.0900017513955165,1.0900017513955165,0.21019645747460605,0.46370997838380734,0.33621590485918934
DeconRNASeq_CBSX_melanoma_B.cells,-0.8266643281186864,0.8266643281186864,0.1594143432051443,0.6231243215889517,0.4375062322606688
DeconRNASeq_CBSX_melanoma_Macrophages,0.5756378274332791,0.5756378274332791,0.11100627311831635,0.734130594707268,1.7782643910830178
DeconRNASeq_CBSX_melanoma_T.cells.CD4,-0.43697919666665624,0.43697919666665624,0.08426727664596313,0.8183978713532312,0.6459848699094249
AAGE,-0.29801910538197546,0.29801910538197546,0.057470146383564985,0.8758680177367961,0.7422871579326126
DeconRNASeq_CBSX_melanoma_CAF,0.2546331494996746,0.2546331494996746,0.04910357796389639,0.9249715957006925,1.2899883012057085
DeconRNASeq_CBSX_melanoma_T.cells.CD8,-0.19608018783843884,0.19608018783843884,0.03781219691787434,0.9627837926185668,0.8219463219366528
DeconRNASeq_CBSX_melanoma_Malignant,-0.19298960464622247,0.19298960464622247,0.03721620738143302,0.9999999999999999,0.8244905449654608
