,coef,abs coef,% total,cum % total,coef OR
EpiDISH_CBSX_NSCLC_NKT.cells,0.42004057462738886,0.42004057462738886,0.2360101450214087,0.2360101450214087,1.522023309894473
EpiDISH_CBSX_NSCLC_B.cells,-0.35388910058340745,0.35388910058340745,0.1988413096146161,0.4348514546360248,0.7019528091960222
EpiDISH_CBSX_NSCLC_NK.cells,0.3086262758938962,0.3086262758938962,0.17340927646275592,0.6082607310987808,1.3615534300691259
EpiDISH_CBSX_NSCLC_T.cells.CD8,0.293967765190182,0.293967765190182,0.16517303109514975,0.7734337621939305,1.3417406522151247
EpiDISH_CBSX_NSCLC_Monocytes,-0.19417914822680804,0.19417914822680804,0.10910433825064657,0.882538100444577,0.8235103606320158
SEX,0.18128455619335257,0.18128455619335257,0.10185919404402474,0.9843972944886018,1.1987562442784507
EpiDISH_CBSX_NSCLC_T.cells.CD4,0.027769015557170776,0.027769015557170776,0.015602705511398206,1.0,1.0281581684495542
