,coef,abs coef,% total,cum % total,coef OR
CIBERSORTx_CBSX_melanoma_B_cells,-0.8835260532198304,0.8835260532198304,0.22164742359021797,0.22164742359021797,0.41332294054094426
CIBERSORTx_CBSX_melanoma_NK_cells,0.7907016595006043,0.7907016595006043,0.1983608576319062,0.4200082812221242,2.2049430028136325
CIBERSORTx_CBSX_melanoma_CAF,0.5388073803422201,0.5388073803422201,0.1351689259519023,0.5551772071740265,1.7139615385571432
AAGE,0.48036439448808993,0.48036439448808993,0.12050751648437132,0.6756847236583978,1.6166633981043101
CIBERSORTx_CBSX_melanoma_T_cells_CD4,-0.4630102891794727,0.4630102891794727,0.11615394624572291,0.7918386699041208,0.6293861566077241
CIBERSORTx_CBSX_melanoma_Endothelial_cells,-0.4001294899817432,0.4001294899817432,0.10037923639457738,0.8922179062986981,0.6702332519247213
CIBERSORTx_CBSX_melanoma_Macrophages,0.35537644465571516,0.35537644465571516,0.0891521795826349,0.981370085881333,1.426717633431993
CIBERSORTx_CBSX_melanoma_Malignant,-0.055365463989630964,0.055365463989630964,0.013889361161968351,0.9952594470433014,0.9461393049156239
CIBERSORTx_CBSX_melanoma_T_cells_CD8,-0.01889668725252141,0.01889668725252141,0.00474055295669857,1.0,0.9812807358149895
