,coef,abs coef,% total,cum % total,coef OR
EpiDISH_CBSX_melanoma_Endothelial.cells,-1.76911643430625,1.76911643430625,0.23707735296025714,0.23707735296025714,0.17048355571892485
EpiDISH_CBSX_melanoma_T.cells.CD4,1.7227877340495261,1.7227877340495261,0.23086889465306812,0.46794624761332526,5.600118364578057
EpiDISH_CBSX_melanoma_CAF,1.086748379987494,1.086748379987494,0.145633958435481,0.6135802060488063,2.9646185699860736
EpiDISH_CBSX_melanoma_B.cells,-0.9747613811189437,0.9747613811189437,0.130626703546613,0.7442069095954192,0.37728236951983346
TMB,-0.7303552907665553,0.7303552907665553,0.09787411144781662,0.8420810210432359,0.4817378026881558
EpiDISH_CBSX_melanoma_Macrophages,-0.7160182550818615,0.7160182550818615,0.09595282102084884,0.9380338420640848,0.48869424296424024
EpiDISH_CBSX_melanoma_Malignant,-0.2735413566559973,0.2735413566559973,0.03665697718001938,0.9746908192441042,0.7606808764879985
EpiDISH_CBSX_melanoma_T.cells.CD8,0.16876650699845452,0.16876650699845452,0.02261621449649373,0.9973070337405979,1.1838436874345415
EpiDISH_CBSX_melanoma_NK.cells,0.02009542795654293,0.02009542795654293,0.0026929662594022494,1.0000000000000002,1.0202987004012738
