,coef,abs coef,% total,cum % total,coef OR
TMB,-0.5601287617697717,0.5601287617697717,0.6339429868441196,0.6339429868441196,0.5711355186938478
DeconRNASeq_CBSX_NSCLC_T.cells.CD8,0.3234345450162089,0.3234345450162089,0.36605701315588046,1.0,1.381865703310554
DeconRNASeq_CBSX_NSCLC_Monocytes,0.0,0.0,0.0,1.0,1.0
DeconRNASeq_CBSX_NSCLC_T.cells.CD4,0.0,0.0,0.0,1.0,1.0
DeconRNASeq_CBSX_NSCLC_NKT.cells,0.0,0.0,0.0,1.0,1.0
DeconRNASeq_CBSX_NSCLC_B.cells,0.0,0.0,0.0,1.0,1.0
DeconRNASeq_CBSX_NSCLC_NK.cells,0.0,0.0,0.0,1.0,1.0
