,coef,abs coef,% total,cum % total,coef OR
TMB,-0.0591041060047702,0.0591041060047702,0.17649007007177878,0.17649007007177878,0.9426086328300721
CIBERSORTx_CBSX_NSCLC_NKT_cells,0.05465349149110123,0.05465349149110123,0.1632001428488458,0.33969021292062457,1.0561745777836233
CIBERSORTx_CBSX_NSCLC_T_cells_CD4,-0.05371994227219902,0.05371994227219902,0.16041248259650717,0.5001026955171317,0.9476974793429138
CIBERSORTx_CBSX_NSCLC_Monocytes,0.05202799274290716,0.05202799274290716,0.1553601721705863,0.655462867687718,1.0534052298024228
CIBERSORTx_CBSX_NSCLC_T_cells_CD8,-0.04502499004628223,0.04502499004628223,0.1344485888612907,0.7899114565490087,0.9559735917102921
CIBERSORTx_CBSX_NSCLC_NK_cells,-0.04040190397782164,0.04040190397782164,0.12064364637379887,0.9105551029228076,0.9604033716411098
CIBERSORTx_CBSX_NSCLC_B_cells,-0.02995387035817986,0.02995387035817986,0.08944489707719241,1.0,0.9704903008859194
