,coef,abs coef,% total,cum % total,coef OR
DeconRNASeq_CBSX_melanoma_NK.cells,-0.7763191506570406,0.7763191506570406,0.19487442663202673,0.19487442663202673,0.4600964439761482
DeconRNASeq_CBSX_melanoma_Endothelial.cells,0.7416846864094259,0.7416846864094259,0.1861803587911793,0.38105478542320603,2.0994694845504953
SEX,-0.6227547462470973,0.6227547462470973,0.15632613726527775,0.5373809226884838,0.5364645764309001
DeconRNASeq_CBSX_melanoma_B.cells,-0.5332986803396481,0.5332986803396481,0.13387055371086368,0.6712514763993475,0.5866665489100071
DeconRNASeq_CBSX_melanoma_Macrophages,0.4991129567048983,0.4991129567048983,0.1252891303533638,0.7965406067527112,1.6472594320044223
DeconRNASeq_CBSX_melanoma_CAF,0.37041488626304186,0.37041488626304186,0.09298287761597038,0.8895234843686816,1.448335384484434
DeconRNASeq_CBSX_melanoma_Malignant,-0.25893392549839345,0.25893392549839345,0.06499852570218405,0.9545220100708656,0.7718740225501445
DeconRNASeq_CBSX_melanoma_T.cells.CD4,-0.1811701777680696,0.1811701777680696,0.04547798992913421,0.9999999999999998,0.8342933684309842
DeconRNASeq_CBSX_melanoma_T.cells.CD8,0.0,0.0,0.0,0.9999999999999998,1.0
