,coef,abs coef,% total,cum % total,coef OR
DeconRNASeq_CBSX_melanoma_Endothelial.cells,-0.9266109175707792,0.9266109175707792,0.2127599049855465,0.2127599049855465,0.3958931538789763
DeconRNASeq_CBSX_melanoma_CAF,0.6568125966978948,0.6568125966978948,0.1508112876903157,0.36357119267586224,1.9286351887924076
DeconRNASeq_CBSX_melanoma_T.cells.CD8,-0.6359421057385342,0.6359421057385342,0.14601919686846748,0.5095903895443297,0.5294364681547604
TMB,-0.6016215252349754,0.6016215252349754,0.13813881977758544,0.6477292093219151,0.5479224452943444
DeconRNASeq_CBSX_melanoma_NK.cells,0.5760791529583184,0.5760791529583184,0.1322740143931055,0.7800032237150206,1.7790493577492437
DeconRNASeq_CBSX_melanoma_B.cells,-0.5229245248062443,0.5229245248062443,0.12006913592607245,0.9000723596410931,0.5927843978243365
DeconRNASeq_CBSX_melanoma_T.cells.CD4,0.27165278191489345,0.27165278191489345,0.062374421640523474,0.9624467812816165,1.3121313264798264
DeconRNASeq_CBSX_melanoma_Malignant,-0.14335898586527251,0.14335898586527251,0.032916776214424286,0.9953635574960408,0.866442972279073
DeconRNASeq_CBSX_melanoma_Macrophages,0.020192612151944667,0.020192612151944667,0.004636442503959139,0.9999999999999999,1.02039786212794
