,coef,abs coef,% total,cum % total,coef OR
DeconRNASeq_CBSX_NSCLC_T.cells.CD4,0.6075412985662841,0.6075412985662841,0.22343462339903272,0.22343462339903272,1.8359118858060983
TMB,-0.5436735221133996,0.5436735221133996,0.19994605955529107,0.4233806829543238,0.5806114409972511
DeconRNASeq_CBSX_NSCLC_Monocytes,0.4965957501339942,0.4965957501339942,0.18263233244322982,0.6060130153975536,1.6431181541508175
DeconRNASeq_CBSX_NSCLC_B.cells,-0.31807553774424274,0.31807553774424274,0.11697820075119698,0.7229912161487506,0.7275478290170345
DeconRNASeq_CBSX_NSCLC_NKT.cells,-0.30750552105634144,0.30750552105634144,0.11309088032778539,0.836082096476536,0.7352788080208685
DeconRNASeq_CBSX_NSCLC_NK.cells,-0.23389027742477259,0.23389027742477259,0.08601750395639605,0.922099600432932,0.7914486509157544
DeconRNASeq_CBSX_NSCLC_T.cells.CD8,-0.2118190511024161,0.2118190511024161,0.07790039956706786,0.9999999999999999,0.8091110920812724
