,coef,abs coef,% total,cum % total,coef OR
DeconRNASeq_CBSX_NSCLC_NKT.cells,0.04873176517041924,0.04873176517041924,0.304094076897413,0.304094076897413,1.0499386828414843
DeconRNASeq_CBSX_NSCLC_T.cells.CD4,0.03874885810946036,0.03874885810946036,0.24179912622532682,0.5458932031227398,1.0395093865127534
DeconRNASeq_CBSX_NSCLC_NK.cells,0.03422698802688505,0.03422698802688505,0.2135819273653632,0.759475130488103,1.0348194717014048
DeconRNASeq_CBSX_NSCLC_B.cells,-0.029272357521124816,0.029272357521124816,0.18266423364448214,0.9421393641325851,0.9711519279122582
SEX,0.009272298061409494,0.009272298061409494,0.05786063586741475,0.9999999999999999,1.009315418990737
DeconRNASeq_CBSX_NSCLC_T.cells.CD8,0.0,0.0,0.0,0.9999999999999999,1.0
DeconRNASeq_CBSX_NSCLC_Monocytes,0.0,0.0,0.0,0.9999999999999999,1.0
