,coef,abs coef,% total,cum % total,coef OR
CIBERSORTx_CBSX_melanoma_B_cells,-0.5681799117363779,0.5681799117363779,0.28095897759158617,0.28095897759158617,0.566555682195933
CIBERSORTx_CBSX_melanoma_NK_cells,0.3773943734006886,0.3773943734006886,0.1866175398131134,0.4675765174046996,1.4584793814407015
CIBERSORTx_CBSX_melanoma_CAF,0.3501757981924994,0.3501757981924994,0.17315824126343024,0.6407347586681298,1.419317040032764
CIBERSORTx_CBSX_melanoma_Endothelial_cells,-0.33155127567922116,0.33155127567922116,0.1639486111878601,0.8046833698559899,0.7178093491111618
TMB,-0.3022272994170833,0.3022272994170833,0.14944821400846667,0.9541315838644565,0.7391700328758678
CIBERSORTx_CBSX_melanoma_T_cells_CD8,0.07840422282950715,0.07840422282950715,0.03877006178856579,0.9929016456530223,1.0815597614677281
CIBERSORTx_CBSX_melanoma_Macrophages,0.014354915372030208,0.014354915372030208,0.007098354346977747,1.0,1.014458441948295
CIBERSORTx_CBSX_melanoma_Malignant,0.0,0.0,0.0,1.0,1.0
CIBERSORTx_CBSX_melanoma_T_cells_CD4,0.0,0.0,0.0,1.0,1.0
