,coef,abs coef,% total,cum % total,coef OR
EpiDISH_CBSX_NSCLC_NKT.cells,0.4715506321249522,0.4715506321249522,0.26219971508298057,0.26219971508298057,1.602477120168739
EpiDISH_CBSX_NSCLC_B.cells,-0.36159768230992206,0.36159768230992206,0.20106177962073982,0.46326149470372036,0.6965625509131669
EpiDISH_CBSX_NSCLC_T.cells.CD8,0.33790443124633307,0.33790443124633307,0.18788744953816156,0.6511489442418819,1.402006508987886
EpiDISH_CBSX_NSCLC_NK.cells,0.25952495279631876,0.25952495279631876,0.14430554015689978,0.7954544843987816,1.2963141299705676
EpiDISH_CBSX_NSCLC_Monocytes,-0.2369306393432613,0.2369306393432613,0.13174226031738212,0.9271967447161638,0.7890460148694309
AAGE,-0.11659845563368301,0.11659845563368301,0.06483308421939768,0.9920298289355615,0.8899424728130998
EpiDISH_CBSX_NSCLC_T.cells.CD4,0.014333879815203105,0.014333879815203105,0.007970171064438421,0.9999999999999999,1.0144371024745351
