,coef,abs coef,% total,cum % total,coef OR
EpiDISH_CBSX_NSCLC_T.cells.CD8,0.0005643462089987289,0.0005643462089987289,0.21235098625430324,0.21235098625430324,1.000564505482281
EpiDISH_CBSX_NSCLC_B.cells,-0.0005493496699549616,0.0005493496699549616,0.20670812057085125,0.41905910682515446,0.9994508011949479
EpiDISH_CBSX_NSCLC_Monocytes,0.0004333205845996181,0.0004333205845996181,0.16304894413533202,0.5821080509604865,1.0004334144815261
EpiDISH_CBSX_NSCLC_NKT.cells,-0.0003564700006225889,0.0003564700006225889,0.13413177052536795,0.7162398214858544,0.9996435935272593
EpiDISH_CBSX_NSCLC_T.cells.CD4,-0.00035525229916094387,0.00035525229916094387,0.13367357642001124,0.8499133979058656,0.9996448107954654
EpiDISH_CBSX_NSCLC_NK.cells,0.0003420850079413941,0.0003420850079413941,0.1287190162011522,0.9786324141070178,1.0003421435256903
AAGE,5.678672045213904e-05,5.678672045213904e-05,0.02136758589298205,0.9999999999999999,1.0000567883328484
