,coef,abs coef,% total,cum % total,coef OR
EpiDISH_CBSX_melanoma_NK.cells,1.9430678593720616,1.9430678593720616,0.3589052103854678,0.3589052103854678,6.980132220584805
EpiDISH_CBSX_melanoma_B.cells,-1.8297373518078868,1.8297373518078868,0.33797186548748936,0.6968770758729572,0.1604557056422144
EpiDISH_CBSX_melanoma_Macrophages,0.5834757989301578,0.5834757989301578,0.10777415897226189,0.804651234845219,1.792257142451856
EpiDISH_CBSX_melanoma_Malignant,0.39806441382836993,0.39806441382836993,0.07352671266880471,0.8781779475140238,1.488939935139868
AAGE,0.3742198718843195,0.3742198718843195,0.06912237326207901,0.9473003207761028,1.4538567775462694
EpiDISH_CBSX_melanoma_CAF,-0.11824018798462907,0.11824018798462907,0.021840214864320213,0.969140535640423,0.8884826241332965
EpiDISH_CBSX_melanoma_T.cells.CD8,-0.08638090356676092,0.08638090356676092,0.01595546764791539,0.9850960032883385,0.917244782861928
EpiDISH_CBSX_melanoma_Endothelial.cells,0.05413817220923201,0.05413817220923201,0.009999893721117089,0.9950958970094556,1.0556304508702576
EpiDISH_CBSX_melanoma_T.cells.CD4,-0.026550199395944246,0.026550199395944246,0.004904102990544532,1.0,0.973799158479011
