,coef,abs coef,% total,cum % total,coef OR
DeconRNASeq_CBSX_melanoma_Endothelial.cells,-1.5152386347982167,1.5152386347982167,0.2454660499878011,0.2454660499878011,0.21975573722408712
TMB,-1.1403216248613426,1.1403216248613426,0.1847301398882694,0.4301961898760705,0.31971617660743207
DeconRNASeq_CBSX_melanoma_NK.cells,1.0725660549732678,1.0725660549732678,0.1737538542239899,0.6039500441000604,2.9228701306166216
DeconRNASeq_CBSX_melanoma_T.cells.CD8,-0.9443855056156351,0.9443855056156351,0.15298882592184754,0.756938870021908,0.38891848571377674
DeconRNASeq_CBSX_melanoma_CAF,0.5007090376683899,0.5007090376683899,0.08111400201066035,0.8380528720325683,1.6498906907181594
DeconRNASeq_CBSX_melanoma_T.cells.CD4,0.4068716260012422,0.4068716260012422,0.06591250288436507,0.9039653749169334,1.502111261254925
DeconRNASeq_CBSX_melanoma_Macrophages,0.2532973828005442,0.2532973828005442,0.041033739901027204,0.9449991148179606,1.288266328123879
DeconRNASeq_CBSX_melanoma_B.cells,-0.2058020388622799,0.2058020388622799,0.03333957595774157,0.9783386907757022,0.8139941995521626
DeconRNASeq_CBSX_melanoma_Malignant,-0.13371320644381693,0.13371320644381693,0.02166130922429788,1.0000000000000002,0.8748409273693569
