,coef,abs coef,% total,cum % total,coef OR
EpiDISH_CBSX_melanoma_Endothelial.cells,0.1477143768216347,0.1477143768216347,0.4735905164199767,0.4735905164199767,1.1591817598965355
EpiDISH_CBSX_melanoma_CAF,0.0854151400100565,0.0854151400100565,0.2738514770047933,0.74744199342477,1.0891691305408182
EpiDISH_CBSX_melanoma_B.cells,-0.078773639376451,0.078773639376451,0.25255800657523014,1.0000000000000002,0.9242491143738565
EpiDISH_CBSX_melanoma_Malignant,0.0,0.0,0.0,1.0000000000000002,1.0
EpiDISH_CBSX_melanoma_T.cells.CD8,0.0,0.0,0.0,1.0000000000000002,1.0
EpiDISH_CBSX_melanoma_NK.cells,0.0,0.0,0.0,1.0000000000000002,1.0
EpiDISH_CBSX_melanoma_Macrophages,0.0,0.0,0.0,1.0000000000000002,1.0
EpiDISH_CBSX_melanoma_T.cells.CD4,0.0,0.0,0.0,1.0000000000000002,1.0
SEX,0.0,0.0,0.0,1.0000000000000002,1.0
