,coef,abs coef,% total,cum % total,coef OR
DeconRNASeq_CBSX_melanoma_NK.cells,0.0005438597679141799,0.0005438597679141799,0.20227909047219952,0.20227909047219952,1.0005440076864522
DeconRNASeq_CBSX_melanoma_T.cells.CD4,0.0005354862035876004,0.0005354862035876004,0.1991646902611175,0.401443780733317,1.0005356296019194
DeconRNASeq_CBSX_melanoma_Endothelial.cells,0.0003987618725746616,0.0003987618725746616,0.1483124762266325,0.5497562569599495,1.000398841388659
DeconRNASeq_CBSX_melanoma_Malignant,-0.00032585903204834625,0.00032585903204834625,0.12119754487022837,0.6709538018301778,0.9996741940542396
DeconRNASeq_CBSX_melanoma_B.cells,-0.00030660344140257814,0.00030660344140257814,0.1140357660586256,0.7849895678888035,0.9996934435566291
DeconRNASeq_CBSX_melanoma_CAF,0.0003019491791155555,0.0003019491791155555,0.1123046949300354,0.8972942628188388,1.0003019947703575
SEX,0.0001688088414627901,0.0001688088414627901,0.06278548429077248,0.9600797471096113,1.000168823090477
DeconRNASeq_CBSX_melanoma_T.cells.CD8,-9.29937154983861e-05,9.29937154983861e-05,0.03458737950554253,0.9946671266151539,0.9999070106082831
DeconRNASeq_CBSX_melanoma_Macrophages,-1.4338285161494075e-05,1.4338285161494075e-05,0.005332873384846007,0.9999999999999999,0.9999856618176313
