,coef,abs coef,% total,cum % total,coef OR
DeconRNASeq_CBSX_NSCLC_T.cells.CD4,0.0003891639901173516,0.0003891639901173516,0.22383665546356546,0.22383665546356546,1.0003892397242469
DeconRNASeq_CBSX_NSCLC_NKT.cells,0.0003885581954473017,0.0003885581954473017,0.22348821867011823,0.4473248741336837,1.0003886336939611
DeconRNASeq_CBSX_NSCLC_NK.cells,0.0003599748401122552,0.0003599748401122552,0.20704784180432917,0.6543727159380128,1.0003600396388301
DeconRNASeq_CBSX_NSCLC_B.cells,-0.00035588428512618904,0.00035588428512618904,0.2046950646452843,0.8590677805832971,0.9996441790341744
AAGE,-0.0001617839654001493,0.0001617839654001493,0.09305378360388021,0.9521215641871773,0.9998382291209199
DeconRNASeq_CBSX_NSCLC_Monocytes,5.422723585661265e-05,5.422723585661265e-05,0.031190046914458626,0.9833116111016359,1.0000542287061798
DeconRNASeq_CBSX_NSCLC_T.cells.CD8,2.9014550806557025e-05,2.9014550806557025e-05,0.01668838889836393,0.9999999999999998,1.0000290149717328
