,coef,abs coef,% total,cum % total,coef OR
TMB,-0.5531376745154497,0.5531376745154497,0.37743601443846214,0.37743601443846214,0.5751423667315568
DeconRNASeq_CBSX_NSCLC_T.cells.CD8,0.42343114206460003,0.42343114206460003,0.28893017057641224,0.6663661850148743,1.5271925910136481
DeconRNASeq_CBSX_NSCLC_B.cells,-0.27243730820854023,0.27243730820854023,0.1858988395333073,0.8522650245481816,0.7615211688050552
DeconRNASeq_CBSX_NSCLC_NKT.cells,-0.17481074388889198,0.17481074388889198,0.11928290820589052,0.9715479327540721,0.8396159081751325
DeconRNASeq_CBSX_NSCLC_Monocytes,0.04169689618777917,0.04169689618777917,0.02845206724592776,0.9999999999999999,1.0425784213600295
DeconRNASeq_CBSX_NSCLC_T.cells.CD4,0.0,0.0,0.0,0.9999999999999999,1.0
DeconRNASeq_CBSX_NSCLC_NK.cells,0.0,0.0,0.0,0.9999999999999999,1.0
