,coef,abs coef,% total,cum % total,coef OR
DeconRNASeq_CBSX_melanoma_Endothelial.cells,-1.2159962704168068,1.2159962704168068,0.2387239518508937,0.2387239518508937,0.2964145580860116
DeconRNASeq_CBSX_melanoma_B.cells,-0.9975606021963206,0.9975606021963206,0.1958407397791074,0.4345646916300011,0.3687779409258629
TMB,-0.8955442484912565,0.8955442484912565,0.175812925794494,0.6103776174244951,0.4083852750768922
DeconRNASeq_CBSX_melanoma_NK.cells,0.8800866916288147,0.8800866916288147,0.17277830377308176,0.7831559211975769,2.411108720299414
DeconRNASeq_CBSX_melanoma_CAF,0.572734109387049,0.572734109387049,0.11243895501900929,0.8955948762165862,1.7731083022166367
DeconRNASeq_CBSX_melanoma_Macrophages,0.2858173847806191,0.2858173847806191,0.056111566509269954,0.9517064427258561,1.3308493997050561
DeconRNASeq_CBSX_melanoma_T.cells.CD8,0.1422709291511502,0.1422709291511502,0.027930577804173226,0.9796370205300293,1.1528889574549133
DeconRNASeq_CBSX_melanoma_T.cells.CD4,0.1037235974776597,0.1037235974776597,0.02036297946997065,1.0,1.1092938009329734
DeconRNASeq_CBSX_melanoma_Malignant,0.0,0.0,0.0,1.0,1.0
