,coef,abs coef,% total,cum % total,coef OR
CIBERSORTx_CBSX_NSCLC_T_cells_CD4,-0.5299532829600568,0.5299532829600568,0.39116785370791,0.39116785370791,0.5886324682025542
CIBERSORTx_CBSX_NSCLC_NK_cells,-0.5075049035606277,0.5075049035606277,0.374598309426858,0.7657661631347681,0.6019957439428832
CIBERSORTx_CBSX_NSCLC_Monocytes,0.31282799568627107,0.31282799568627107,0.23090385433383384,0.996670017468602,1.3672863316533848
CIBERSORTx_CBSX_NSCLC_NKT_cells,0.002798431926442511,0.002798431926442511,0.002065571901545734,0.9987355893701477,1.002802351192146
CIBERSORTx_CBSX_NSCLC_T_cells_CD8,-0.001713020530567809,0.001713020530567809,0.0012644106298522538,1.0,0.9982884458516674
CIBERSORTx_CBSX_NSCLC_B_cells,0.0,0.0,0.0,1.0,1.0
