,coef,abs coef,% total,cum % total,coef OR
EpiDISH_CBSX_melanoma_B.cells,-1.530444413032069,1.530444413032069,0.5410423072838662,0.5410423072838662,0.21643945742359258
EpiDISH_CBSX_melanoma_CAF,-0.28442896841612,0.28442896841612,0.10055125427610213,0.6415935615599683,0.7524438008407701
EpiDISH_CBSX_melanoma_NK.cells,0.24231042488712065,0.24231042488712065,0.08566151782025855,0.7272550793802268,1.2741896716147696
EpiDISH_CBSX_melanoma_T.cells.CD4,0.24084242049817559,0.24084242049817559,0.08514254929390473,0.8123976286741316,1.2723205278757697
EpiDISH_CBSX_melanoma_Macrophages,0.1883417391905696,0.1883417391905696,0.06658252221499449,0.8789801508891261,1.2072460081367544
EpiDISH_CBSX_melanoma_Malignant,0.17081444211565697,0.17081444211565697,0.06038627675249315,0.9393664276416193,1.186270606733731
EpiDISH_CBSX_melanoma_T.cells.CD8,-0.10154218703227974,0.10154218703227974,0.03589716731348107,0.9752635949551003,0.9034430649565157
EpiDISH_CBSX_melanoma_Endothelial.cells,0.06997177926716593,0.06997177926716593,0.024736405044899577,0.9999999999999999,1.072477914714445
