,coef,abs coef,% total,cum % total,coef OR
EpiDISH_CBSX_NSCLC_Monocytes,0.29690172287336036,0.29690172287336036,0.379116899567489,0.379116899567489,1.3456830430864741
EpiDISH_CBSX_NSCLC_T.cells.CD8,0.24933197569842097,0.24933197569842097,0.3183745943776174,0.6974914939451065,1.283167942944086
EpiDISH_CBSX_NSCLC_NKT.cells,-0.19270844858530234,0.19270844858530234,0.24607142336888047,0.9435629173139869,0.824722388069869
EpiDISH_CBSX_NSCLC_T.cells.CD4,-0.044198153927033586,0.044198153927033586,0.05643708268601318,1.0,0.9567643520745306
EpiDISH_CBSX_NSCLC_B.cells,0.0,0.0,0.0,1.0,1.0
EpiDISH_CBSX_NSCLC_NK.cells,0.0,0.0,0.0,1.0,1.0
