,coef,abs coef,% total,cum % total,coef OR
DeconRNASeq_CBSX_melanoma_Endothelial.cells,-0.1075544726418219,0.1075544726418219,0.5543716274049946,0.5543716274049946,0.8980276031824594
DeconRNASeq_CBSX_melanoma_B.cells,-0.08301321412967572,0.08301321412967572,0.4278777951563583,0.982249422561353,0.9203389856610705
DeconRNASeq_CBSX_melanoma_Malignant,0.003443816207619127,0.003443816207619127,0.017750577438647115,1.0,1.0034497529557218
DeconRNASeq_CBSX_melanoma_CAF,0.0,0.0,0.0,1.0,1.0
DeconRNASeq_CBSX_melanoma_T.cells.CD8,0.0,0.0,0.0,1.0,1.0
DeconRNASeq_CBSX_melanoma_NK.cells,0.0,0.0,0.0,1.0,1.0
DeconRNASeq_CBSX_melanoma_Macrophages,0.0,0.0,0.0,1.0,1.0
DeconRNASeq_CBSX_melanoma_T.cells.CD4,0.0,0.0,0.0,1.0,1.0
