,coef,abs coef,% total,cum % total,coef OR
CIBERSORTx_CBSX_melanoma_B_cells,-0.9557178353548396,0.9557178353548396,0.48132151508639553,0.48132151508639553,0.3845360119113905
CIBERSORTx_CBSX_melanoma_NK_cells,0.28889654247172974,0.28889654247172974,0.14549495298901355,0.6268164680754091,1.334953610383065
CIBERSORTx_CBSX_melanoma_CAF,0.2005616382416669,0.2005616382416669,0.10100746058678212,0.7278239286621913,1.2220889373318244
CIBERSORTx_CBSX_melanoma_T_cells_CD4,-0.17451032602113725,0.17451032602113725,0.08788741970848403,0.8157113483706753,0.8398681816878375
CIBERSORTx_CBSX_melanoma_Macrophages,0.1594423477461935,0.1594423477461935,0.08029883878606973,0.896010187156745,1.1728566424427018
CIBERSORTx_CBSX_melanoma_T_cells_CD8,-0.13838507959047414,0.13838507959047414,0.06969391352742547,0.9657041006841705,0.8707633139960259
CIBERSORTx_CBSX_melanoma_Endothelial_cells,-0.06809835344632109,0.06809835344632109,0.03429589931582954,1.0,0.9341685903584653
CIBERSORTx_CBSX_melanoma_Malignant,0.0,0.0,0.0,1.0,1.0
