,coef,abs coef,% total,cum % total,coef OR
DeconRNASeq_CBSX_NSCLC_NKT.cells,-0.17656950852061926,0.17656950852061926,0.46602429493648023,0.46602429493648023,0.8381405192228647
DeconRNASeq_CBSX_NSCLC_T.cells.CD8,0.1242802911093879,0.1242802911093879,0.3280160630451637,0.794040357981644,1.1323332094549985
DeconRNASeq_CBSX_NSCLC_Monocytes,0.07803497191325744,0.07803497191325744,0.2059596420183562,1.0000000000000002,1.0811604682590559
DeconRNASeq_CBSX_NSCLC_T.cells.CD4,0.0,0.0,0.0,1.0000000000000002,1.0
DeconRNASeq_CBSX_NSCLC_B.cells,0.0,0.0,0.0,1.0000000000000002,1.0
DeconRNASeq_CBSX_NSCLC_NK.cells,0.0,0.0,0.0,1.0000000000000002,1.0
