,coef,abs coef,% total,cum % total,coef OR
TMB,-0.45697235800772057,0.45697235800772057,0.3124158989160027,0.3124158989160027,0.6331978426707336
EpiDISH_CBSX_NSCLC_T.cells.CD4,-0.37674510545135315,0.37674510545135315,0.2575673532966739,0.5699832522126766,0.6860909324483846
EpiDISH_CBSX_NSCLC_T.cells.CD8,0.23318393561071685,0.23318393561071685,0.1594196401160934,0.7294028923287701,1.2626136975915685
EpiDISH_CBSX_NSCLC_B.cells,-0.2115872059269042,0.2115872059269042,0.14465471703140156,0.8740576093601716,0.80929870233185
EpiDISH_CBSX_NSCLC_NKT.cells,-0.10164429569344596,0.10164429569344596,0.06949062334360144,0.9435482327037731,0.9033508203042822
EpiDISH_CBSX_NSCLC_Monocytes,0.08257229323017196,0.08257229323017196,0.05645176729622691,1.0,1.0860771866290737
EpiDISH_CBSX_NSCLC_NK.cells,0.0,0.0,0.0,1.0,1.0
