,coef,abs coef,% total,cum % total,coef OR
CIBERSORTx_CBSX_NSCLC_NK_cells,-2.335094593352977,2.335094593352977,0.5185941722964774,0.5185941722964774,0.09680132533142641
CIBERSORTx_CBSX_NSCLC_T_cells_CD4,-0.5070383061238624,0.5070383061238624,0.11260662049212528,0.6312007927886027,0.6022766991553444
SEX,-0.49764549730274626,0.49764549730274626,0.11052059968166579,0.7417213924702686,0.6079604203139785
CIBERSORTx_CBSX_NSCLC_Monocytes,0.39520187218412417,0.39520187218412417,0.08776920146136606,0.8294905939316346,1.4846838770477433
CIBERSORTx_CBSX_NSCLC_NKT_cells,-0.33884572320262835,0.33884572320262835,0.07525323293569275,0.9047438268673273,0.7125923770790719
CIBERSORTx_CBSX_NSCLC_B_cells,0.2462304067224585,0.2462304067224585,0.05468457437739266,0.9594284012447201,1.2791942745500746
CIBERSORTx_CBSX_NSCLC_T_cells_CD8,0.18268335040791708,0.18268335040791708,0.040571598755280165,1.0000000000000002,1.2004342308829987
