,coef,abs coef,% total,cum % total,coef OR
DeconRNASeq_CBSX_melanoma_Endothelial.cells,-1.220391666651652,1.220391666651652,0.2375205668399847,0.2375205668399847,0.29511455775467443
DeconRNASeq_CBSX_melanoma_B.cells,-0.9945399229058703,0.9945399229058703,0.19356383093119284,0.4310843977711776,0.3698935849679112
TMB,-0.9011191419800919,0.9011191419800919,0.1753816706899605,0.606466068461138,0.40611490508153075
DeconRNASeq_CBSX_melanoma_NK.cells,0.8791626868175012,0.8791626868175012,0.1711083625229818,0.7775744309841198,2.408881873208408
DeconRNASeq_CBSX_melanoma_CAF,0.5752514667121557,0.5752514667121557,0.11195918341845296,0.8895336144025727,1.7775774722782982
DeconRNASeq_CBSX_melanoma_Macrophages,0.2963298670658428,0.2963298670658428,0.05767364684667811,0.9472072612492508,1.344913726413276
DeconRNASeq_CBSX_melanoma_T.cells.CD8,0.1523412627781946,0.1523412627781946,0.029649647795017466,0.9768569090442683,1.1645575887855886
DeconRNASeq_CBSX_melanoma_T.cells.CD4,0.11891027256584279,0.11891027256584279,0.0231430909557316,0.9999999999999999,1.1262688565397465
DeconRNASeq_CBSX_melanoma_Malignant,0.0,0.0,0.0,0.9999999999999999,1.0
