,coef,abs coef,% total,cum % total,coef OR
TMB,-0.4812129287551726,0.4812129287551726,0.43631085708956424,0.43631085708956424,0.6180333066288963
DeconRNASeq_CBSX_NSCLC_T.cells.CD8,0.3582115754055146,0.3582115754055146,0.3247867838648614,0.7610976409544257,1.4307683038426742
DeconRNASeq_CBSX_NSCLC_B.cells,-0.18294384535079983,0.18294384535079983,0.1658733196773242,0.9269709606317499,0.8328149208537685
DeconRNASeq_CBSX_NSCLC_NKT.cells,-0.08054467897726077,0.08054467897726077,0.07302903936825016,1.0,0.922613681227193
DeconRNASeq_CBSX_NSCLC_Monocytes,0.0,0.0,0.0,1.0,1.0
DeconRNASeq_CBSX_NSCLC_T.cells.CD4,0.0,0.0,0.0,1.0,1.0
DeconRNASeq_CBSX_NSCLC_NK.cells,0.0,0.0,0.0,1.0,1.0
