,coef,abs coef,% total,cum % total,coef OR
EpiDISH_CBSX_NSCLC_NKT.cells,-2.128700969004199,2.128700969004199,0.48854947204928084,0.48854947204928084,0.11899176749188128
EpiDISH_CBSX_NSCLC_T.cells.CD4,-0.7911458607700262,0.7911458607700262,0.1815726577951343,0.6701221298444151,0.4533250501703969
TMB,-0.5375506894902171,0.5375506894902171,0.12337106497068281,0.793493194815098,0.5841773332100066
EpiDISH_CBSX_NSCLC_B.cells,-0.4590166246887801,0.4590166246887801,0.10534703225998487,0.8988402270750828,0.631904739592538
EpiDISH_CBSX_NSCLC_NK.cells,-0.25335180336619406,0.25335180336619406,0.05814573844779566,0.9569859655228785,0.7761947658535464
EpiDISH_CBSX_NSCLC_Monocytes,0.18742015314877275,0.18742015314877275,0.04301403447712138,0.9999999999999999,1.2061339395787793
EpiDISH_CBSX_NSCLC_T.cells.CD8,0.0,0.0,0.0,0.9999999999999999,1.0
