,coef,abs coef,% total,cum % total,coef OR
DeconRNASeq_CBSX_melanoma_CAF,0.09195988187435856,0.09195988187435856,0.840450446397678,0.840450446397678,1.0963208388614039
DeconRNASeq_CBSX_melanoma_B.cells,-0.013308122399627502,0.013308122399627502,0.1216271398299889,0.9620775862276669,0.986780039139753
DeconRNASeq_CBSX_melanoma_Malignant,-0.004149370978195887,0.004149370978195887,0.03792241377233312,1.0,0.9958592257670893
DeconRNASeq_CBSX_melanoma_Endothelial.cells,0.0,0.0,0.0,1.0,1.0
DeconRNASeq_CBSX_melanoma_T.cells.CD8,0.0,0.0,0.0,1.0,1.0
DeconRNASeq_CBSX_melanoma_NK.cells,0.0,0.0,0.0,1.0,1.0
DeconRNASeq_CBSX_melanoma_Macrophages,0.0,0.0,0.0,1.0,1.0
DeconRNASeq_CBSX_melanoma_T.cells.CD4,0.0,0.0,0.0,1.0,1.0
SEX,0.0,0.0,0.0,1.0,1.0
