,coef,abs coef,% total,cum % total,coef OR
CIBERSORTx_CBSX_NSCLC_NK_cells,-0.5542553909954246,0.5542553909954246,0.6481705275538515,0.6481705275538515,0.5744998797559573
CIBERSORTx_CBSX_NSCLC_T_cells_CD4,-0.14518545650464804,0.14518545650464804,0.16978623115736424,0.8179567587112158,0.864861883974737
CIBERSORTx_CBSX_NSCLC_Monocytes,0.10027804619330613,0.10027804619330613,0.11726953884282791,0.9352262975540436,1.105478249366539
SEX,-0.05538846993073453,0.05538846993073453,0.06477370244595636,1.0,0.9461175383408804
CIBERSORTx_CBSX_NSCLC_T_cells_CD8,0.0,0.0,0.0,1.0,1.0
CIBERSORTx_CBSX_NSCLC_NKT_cells,0.0,0.0,0.0,1.0,1.0
CIBERSORTx_CBSX_NSCLC_B_cells,0.0,0.0,0.0,1.0,1.0
