,coef,abs coef,% total,cum % total,coef OR
CIBERSORTx_CBSX_NSCLC_T_cells_CD4,-0.8099588968460206,0.8099588968460206,0.2929406122379865,0.2929406122379865,0.44487635166832823
TMB,-0.5220988410800995,0.5220988410800995,0.18882927856007412,0.48176989079806065,0.5932740523768116
CIBERSORTx_CBSX_NSCLC_NKT_cells,0.48234950924947856,0.48234950924947856,0.17445300138371928,0.6562228921817799,1.6198758479659674
CIBERSORTx_CBSX_NSCLC_B_cells,-0.3623039462317073,0.3623039462317073,0.13103571087204402,0.7872586030538239,0.6960707675990384
CIBERSORTx_CBSX_NSCLC_Monocytes,0.280105762194678,0.280105762194678,0.10130681172614613,0.88856541477997,1.3232697568505225
CIBERSORTx_CBSX_NSCLC_T_cells_CD8,0.1673629664153705,0.1673629664153705,0.06053073808880537,0.9490961528687754,1.182183280272191
CIBERSORTx_CBSX_NSCLC_NK_cells,-0.14074533248442098,0.14074533248442098,0.05090384713122473,1.0,0.868710515878549
