,coef,abs coef,% total,cum % total,coef OR
DeconRNASeq_CBSX_melanoma_CAF,0.09196070733546743,0.09196070733546743,0.8404423950130706,0.8404423950130706,1.0963217438319928
DeconRNASeq_CBSX_melanoma_B.cells,-0.013306414058168998,0.013306414058168998,0.12160927013411495,0.9620516651471855,0.9867817248984442
DeconRNASeq_CBSX_melanoma_Malignant,-0.0041522842445539864,0.0041522842445539864,0.03794833485281448,1.0,0.9958563245681354
DeconRNASeq_CBSX_melanoma_Endothelial.cells,0.0,0.0,0.0,1.0,1.0
DeconRNASeq_CBSX_melanoma_T.cells.CD8,0.0,0.0,0.0,1.0,1.0
DeconRNASeq_CBSX_melanoma_NK.cells,0.0,0.0,0.0,1.0,1.0
DeconRNASeq_CBSX_melanoma_Macrophages,0.0,0.0,0.0,1.0,1.0
DeconRNASeq_CBSX_melanoma_T.cells.CD4,0.0,0.0,0.0,1.0,1.0
AAGE,0.0,0.0,0.0,1.0,1.0
